예측대상일자,배추_가격(원/kg),무_가격(원/kg),양파_가격(원/kg),마늘_가격(원/kg),대파_가격(원/kg),깻잎_가격(원/kg),시금치_가격(원/kg),미나리_가격(원/kg),파프리카_가격(원/kg),토마토_가격(원/kg)
2021-01-01+1week,522.0,579.0,750.0,4105.0,1384.0,6789.0,2239.0,3252.0,3270.0,2217.0
2021-01-01+2week,622.0,600.0,768.0,4093.0,1417.0,8952.0,2262.0,3270.0,3784.0,2209.0
2021-01-01+4week,713.0,582.0,711.0,4078.0,1529.0,7785.0,2819.0,3064.0,3159.0,2209.0
2021-01-02+1week,522.0,579.0,750.0,4105.0,1384.0,6789.0,2239.0,3252.0,3270.0,2217.0
2021-01-02+2week,622.0,600.0,768.0,4093.0,1417.0,8952.0,2262.0,3270.0,3784.0,2209.0
2021-01-02+4week,713.0,582.0,711.0,4078.0,1529.0,7785.0,2819.0,3064.0,3159.0,2209.0
2021-01-03+1week,522.0,579.0,750.0,4105.0,1384.0,6789.0,2239.0,3252.0,3270.0,2217.0
2021-01-03+2week,622.0,600.0,768.0,4093.0,1417.0,8952.0,2262.0,3270.0,3784.0,2209.0
2021-01-03+4week,713.0,582.0,711.0,4078.0,1529.0,7785.0,2819.0,3064.0,3159.0,2209.0
2021-01-04+1week,522.0,579.0,750.0,4105.0,1384.0,6789.0,2239.0,3252.0,3270.0,2217.0
2021-01-04+2week,622.0,600.0,768.0,4093.0,1417.0,8952.0,2262.0,3270.0,3784.0,2209.0
2021-01-04+4week,713.0,582.0,711.0,4078.0,1529.0,7785.0,2819.0,3064.0,3159.0,2209.0
2021-01-05+1week,522.0,579.0,750.0,4105.0,1384.0,6789.0,2239.0,3252.0,3270.0,2217.0
2021-01-05+2week,622.0,600.0,768.0,4093.0,1417.0,8952.0,2262.0,3270.0,3784.0,2209.0
2021-01-05+4week,713.0,582.0,711.0,4078.0,1529.0,7785.0,2819.0,3064.0,3159.0,2209.0
2021-01-06+1week,522.0,579.0,750.0,4105.0,1384.0,6789.0,2239.0,3252.0,3270.0,2217.0
2021-01-06+2week,622.0,600.0,768.0,4093.0,1417.0,8952.0,2262.0,3270.0,3784.0,2209.0
2021-01-06+4week,713.0,582.0,711.0,4078.0,1529.0,7785.0,2819.0,3064.0,3159.0,2209.0
2021-01-07+1week,522.0,579.0,750.0,4105.0,1384.0,6789.0,2239.0,3252.0,3270.0,2217.0
2021-01-07+2week,622.0,600.0,768.0,4093.0,1417.0,8952.0,2262.0,3270.0,3784.0,2209.0
2021-01-07+4week,713.0,582.0,711.0,4078.0,1529.0,7785.0,2819.0,3064.0,3159.0,2209.0
2021-01-08+1week,522.0,579.0,750.0,4105.0,1384.0,6789.0,2239.0,3252.0,3270.0,2217.0
2021-01-08+2week,622.0,600.0,768.0,4093.0,1417.0,8952.0,2262.0,3270.0,3784.0,2209.0
2021-01-08+4week,713.0,582.0,711.0,4078.0,1529.0,7785.0,2819.0,3064.0,3159.0,2209.0
2021-01-09+1week,522.0,579.0,750.0,4105.0,1384.0,6789.0,2239.0,3252.0,3270.0,2217.0
2021-01-09+2week,622.0,600.0,768.0,4093.0,1417.0,8952.0,2262.0,3270.0,3784.0,2209.0
2021-01-09+4week,713.0,582.0,711.0,4078.0,1529.0,7785.0,2819.0,3064.0,3159.0,2209.0
2021-01-10+1week,522.0,579.0,750.0,4105.0,1384.0,6789.0,2239.0,3252.0,3270.0,2217.0
2021-01-10+2week,622.0,600.0,768.0,4093.0,1417.0,8952.0,2262.0,3270.0,3784.0,2209.0
2021-01-10+4week,713.0,582.0,711.0,4078.0,1529.0,7785.0,2819.0,3064.0,3159.0,2209.0
2021-01-11+1week,522.0,579.0,750.0,4105.0,1384.0,6789.0,2239.0,3252.0,3270.0,2217.0
2021-01-11+2week,622.0,600.0,768.0,4093.0,1417.0,8952.0,2262.0,3270.0,3784.0,2209.0
2021-01-11+4week,713.0,582.0,711.0,4078.0,1529.0,7785.0,2819.0,3064.0,3159.0,2209.0
2021-01-12+1week,522.0,579.0,750.0,4105.0,1384.0,6789.0,2239.0,3252.0,3270.0,2217.0
2021-01-12+2week,622.0,600.0,768.0,4093.0,1417.0,8952.0,2262.0,3270.0,3784.0,2209.0
2021-01-12+4week,713.0,582.0,711.0,4078.0,1529.0,7785.0,2819.0,3064.0,3159.0,2209.0
2021-01-13+1week,522.0,579.0,750.0,4105.0,1384.0,6789.0,2239.0,3252.0,3270.0,2217.0
2021-01-13+2week,622.0,600.0,768.0,4093.0,1417.0,8952.0,2262.0,3270.0,3784.0,2209.0
2021-01-13+4week,713.0,582.0,711.0,4078.0,1529.0,7785.0,2819.0,3064.0,3159.0,2209.0
2021-01-14+1week,522.0,579.0,750.0,4105.0,1384.0,6789.0,2239.0,3252.0,3270.0,2217.0
2021-01-14+2week,622.0,600.0,768.0,4093.0,1417.0,8952.0,2262.0,3270.0,3784.0,2209.0
2021-01-14+4week,713.0,582.0,711.0,4078.0,1529.0,7785.0,2819.0,3064.0,3159.0,2209.0
2021-01-15+1week,522.0,579.0,750.0,4105.0,1384.0,6789.0,2239.0,3252.0,3270.0,2217.0
2021-01-15+2week,622.0,600.0,768.0,4093.0,1417.0,8952.0,2262.0,3270.0,3784.0,2209.0
2021-01-15+4week,713.0,582.0,711.0,4078.0,1529.0,7785.0,2819.0,3064.0,3159.0,2209.0
2021-01-16+1week,522.0,579.0,750.0,4105.0,1384.0,6789.0,2239.0,3252.0,3270.0,2217.0
2021-01-16+2week,622.0,600.0,768.0,4093.0,1417.0,8952.0,2262.0,3270.0,3784.0,2209.0
2021-01-16+4week,713.0,582.0,711.0,4078.0,1529.0,7785.0,2819.0,3064.0,3159.0,2209.0
2021-01-17+1week,522.0,579.0,750.0,4105.0,1384.0,6789.0,2239.0,3252.0,3270.0,2217.0
2021-01-17+2week,622.0,600.0,768.0,4093.0,1417.0,8952.0,2262.0,3270.0,3784.0,2209.0
2021-01-17+4week,713.0,582.0,711.0,4078.0,1529.0,7785.0,2819.0,3064.0,3159.0,2209.0
2021-01-18+1week,522.0,579.0,750.0,4105.0,1384.0,6789.0,2239.0,3252.0,3270.0,2217.0
2021-01-18+2week,622.0,600.0,768.0,4093.0,1417.0,8952.0,2262.0,3270.0,3784.0,2209.0
2021-01-18+4week,713.0,582.0,711.0,4078.0,1529.0,7785.0,2819.0,3064.0,3159.0,2209.0
2021-01-19+1week,522.0,579.0,750.0,4105.0,1384.0,6789.0,2239.0,3252.0,3270.0,2217.0
2021-01-19+2week,622.0,600.0,768.0,4093.0,1417.0,8952.0,2262.0,3270.0,3784.0,2209.0
2021-01-19+4week,713.0,582.0,711.0,4078.0,1529.0,7785.0,2819.0,3064.0,3159.0,2209.0
2021-01-20+1week,522.0,579.0,750.0,4105.0,1384.0,6789.0,2239.0,3252.0,3270.0,2217.0
2021-01-20+2week,622.0,600.0,768.0,4093.0,1417.0,8952.0,2262.0,3270.0,3784.0,2209.0
2021-01-20+4week,713.0,582.0,711.0,4078.0,1529.0,7785.0,2819.0,3064.0,3159.0,2209.0
2021-01-21+1week,522.0,579.0,750.0,4105.0,1384.0,6789.0,2239.0,3252.0,3270.0,2217.0
2021-01-21+2week,622.0,600.0,768.0,4093.0,1417.0,8952.0,2262.0,3270.0,3784.0,2209.0
2021-01-21+4week,713.0,582.0,711.0,4078.0,1529.0,7785.0,2819.0,3064.0,3159.0,2209.0
2021-01-22+1week,522.0,579.0,750.0,4105.0,1384.0,6789.0,2239.0,3252.0,3270.0,2217.0
2021-01-22+2week,622.0,600.0,768.0,4093.0,1417.0,8952.0,2262.0,3270.0,3784.0,2209.0
2021-01-22+4week,713.0,582.0,711.0,4078.0,1529.0,7785.0,2819.0,3064.0,3159.0,2209.0
2021-01-23+1week,522.0,579.0,750.0,4105.0,1384.0,6789.0,2239.0,3252.0,3270.0,2217.0
2021-01-23+2week,622.0,600.0,768.0,4093.0,1417.0,8952.0,2262.0,3270.0,3784.0,2209.0
2021-01-23+4week,713.0,582.0,711.0,4078.0,1529.0,7785.0,2819.0,3064.0,3159.0,2209.0
2021-01-24+1week,522.0,579.0,750.0,4105.0,1384.0,6789.0,2239.0,3252.0,3270.0,2217.0
2021-01-24+2week,622.0,600.0,768.0,4093.0,1417.0,8952.0,2262.0,3270.0,3784.0,2209.0
2021-01-24+4week,713.0,582.0,711.0,4078.0,1529.0,7785.0,2819.0,3064.0,3159.0,2209.0
2021-01-25+1week,522.0,579.0,750.0,4105.0,1384.0,6789.0,2239.0,3252.0,3270.0,2217.0
2021-01-25+2week,622.0,600.0,768.0,4093.0,1417.0,8952.0,2262.0,3270.0,3784.0,2209.0
2021-01-25+4week,713.0,582.0,711.0,4078.0,1529.0,7785.0,2819.0,3064.0,3159.0,2209.0
2021-01-26+1week,522.0,579.0,750.0,4105.0,1384.0,6789.0,2239.0,3252.0,3270.0,2217.0
2021-01-26+2week,622.0,600.0,768.0,4093.0,1417.0,8952.0,2262.0,3270.0,3784.0,2209.0
2021-01-26+4week,713.0,582.0,711.0,4078.0,1529.0,7785.0,2819.0,3064.0,3159.0,2209.0
2021-01-27+1week,522.0,579.0,750.0,4105.0,1384.0,6789.0,2239.0,3252.0,3270.0,2217.0
2021-01-27+2week,622.0,600.0,768.0,4093.0,1417.0,8952.0,2262.0,3270.0,3784.0,2209.0
2021-01-27+4week,713.0,582.0,711.0,4078.0,1529.0,7785.0,2819.0,3064.0,3159.0,2209.0
2021-01-28+1week,522.0,579.0,750.0,4105.0,1384.0,6789.0,2239.0,3252.0,3270.0,2217.0
2021-01-28+2week,622.0,600.0,768.0,4093.0,1417.0,8952.0,2262.0,3270.0,3784.0,2209.0
2021-01-28+4week,713.0,582.0,711.0,4078.0,1529.0,7785.0,2819.0,3064.0,3159.0,2209.0
2021-01-29+1week,522.0,579.0,750.0,4105.0,1384.0,6789.0,2239.0,3252.0,3270.0,2217.0
2021-01-29+2week,622.0,600.0,768.0,4093.0,1417.0,8952.0,2262.0,3270.0,3784.0,2209.0
2021-01-29+4week,713.0,582.0,711.0,4078.0,1529.0,7785.0,2819.0,3064.0,3159.0,2209.0
2021-01-30+1week,522.0,579.0,750.0,4105.0,1384.0,6789.0,2239.0,3252.0,3270.0,2217.0
2021-01-30+2week,622.0,600.0,768.0,4093.0,1417.0,8952.0,2262.0,3270.0,3784.0,2209.0
2021-01-30+4week,713.0,582.0,711.0,4078.0,1529.0,7785.0,2819.0,3064.0,3159.0,2209.0
2021-01-31+1week,522.0,579.0,750.0,4105.0,1384.0,6789.0,2239.0,3252.0,3270.0,2217.0
2021-01-31+2week,622.0,600.0,768.0,4093.0,1417.0,8952.0,2262.0,3270.0,3784.0,2209.0
2021-01-31+4week,713.0,582.0,711.0,4078.0,1529.0,7785.0,2819.0,3064.0,3159.0,2209.0
2021-02-01+1week,522.0,579.0,750.0,4105.0,1384.0,6789.0,2239.0,3252.0,3270.0,2217.0
2021-02-01+2week,622.0,600.0,768.0,4093.0,1417.0,8952.0,2262.0,3270.0,3784.0,2209.0
2021-02-01+4week,713.0,582.0,711.0,4078.0,1529.0,7785.0,2819.0,3064.0,3159.0,2209.0
2021-02-02+1week,522.0,579.0,750.0,4105.0,1384.0,6789.0,2239.0,3252.0,3270.0,2217.0
2021-02-02+2week,622.0,600.0,768.0,4093.0,1417.0,8952.0,2262.0,3270.0,3784.0,2209.0
2021-02-02+4week,713.0,582.0,711.0,4078.0,1529.0,7785.0,2819.0,3064.0,3159.0,2209.0
2021-02-03+1week,522.0,579.0,750.0,4105.0,1384.0,6789.0,2239.0,3252.0,3270.0,2217.0
2021-02-03+2week,622.0,600.0,768.0,4093.0,1417.0,8952.0,2262.0,3270.0,3784.0,2209.0
2021-02-03+4week,713.0,582.0,711.0,4078.0,1529.0,7785.0,2819.0,3064.0,3159.0,2209.0
2021-02-04+1week,522.0,579.0,750.0,4105.0,1384.0,6789.0,2239.0,3252.0,3270.0,2217.0
2021-02-04+2week,622.0,600.0,768.0,4093.0,1417.0,8952.0,2262.0,3270.0,3784.0,2209.0
2021-02-04+4week,713.0,582.0,711.0,4078.0,1529.0,7785.0,2819.0,3064.0,3159.0,2209.0
2021-02-05+1week,522.0,579.0,750.0,4105.0,1384.0,6789.0,2239.0,3252.0,3270.0,2217.0
2021-02-05+2week,622.0,600.0,768.0,4093.0,1417.0,8952.0,2262.0,3270.0,3784.0,2209.0
2021-02-05+4week,713.0,582.0,711.0,4078.0,1529.0,7785.0,2819.0,3064.0,3159.0,2209.0
2021-02-06+1week,522.0,579.0,750.0,4105.0,1384.0,6789.0,2239.0,3252.0,3270.0,2217.0
2021-02-06+2week,622.0,600.0,768.0,4093.0,1417.0,8952.0,2262.0,3270.0,3784.0,2209.0
2021-02-06+4week,713.0,582.0,711.0,4078.0,1529.0,7785.0,2819.0,3064.0,3159.0,2209.0
2021-02-07+1week,522.0,579.0,750.0,4105.0,1384.0,6789.0,2239.0,3252.0,3270.0,2217.0
2021-02-07+2week,622.0,600.0,768.0,4093.0,1417.0,8952.0,2262.0,3270.0,3784.0,2209.0
2021-02-07+4week,713.0,582.0,711.0,4078.0,1529.0,7785.0,2819.0,3064.0,3159.0,2209.0
2021-02-08+1week,522.0,579.0,750.0,4105.0,1384.0,6789.0,2239.0,3252.0,3270.0,2217.0
2021-02-08+2week,622.0,600.0,768.0,4093.0,1417.0,8952.0,2262.0,3270.0,3784.0,2209.0
2021-02-08+4week,713.0,582.0,711.0,4078.0,1529.0,7785.0,2819.0,3064.0,3159.0,2209.0
2021-02-09+1week,522.0,579.0,750.0,4105.0,1384.0,6789.0,2239.0,3252.0,3270.0,2217.0
2021-02-09+2week,622.0,600.0,768.0,4093.0,1417.0,8952.0,2262.0,3270.0,3784.0,2209.0
2021-02-09+4week,713.0,582.0,711.0,4078.0,1529.0,7785.0,2819.0,3064.0,3159.0,2209.0
2021-02-10+1week,522.0,579.0,750.0,4105.0,1384.0,6789.0,2239.0,3252.0,3270.0,2217.0
2021-02-10+2week,622.0,600.0,768.0,4093.0,1417.0,8952.0,2262.0,3270.0,3784.0,2209.0
2021-02-10+4week,713.0,582.0,711.0,4078.0,1529.0,7785.0,2819.0,3064.0,3159.0,2209.0
2021-02-11+1week,522.0,579.0,750.0,4105.0,1384.0,6789.0,2239.0,3252.0,3270.0,2217.0
2021-02-11+2week,622.0,600.0,768.0,4093.0,1417.0,8952.0,2262.0,3270.0,3784.0,2209.0
2021-02-11+4week,713.0,582.0,711.0,4078.0,1529.0,7785.0,2819.0,3064.0,3159.0,2209.0
2021-02-12+1week,522.0,579.0,750.0,4105.0,1384.0,6789.0,2239.0,3252.0,3270.0,2217.0
2021-02-12+2week,622.0,600.0,768.0,4093.0,1417.0,8952.0,2262.0,3270.0,3784.0,2209.0
2021-02-12+4week,713.0,582.0,711.0,4078.0,1529.0,7785.0,2819.0,3064.0,3159.0,2209.0
2021-02-13+1week,522.0,579.0,750.0,4105.0,1384.0,6789.0,2239.0,3252.0,3270.0,2217.0
2021-02-13+2week,622.0,600.0,768.0,4093.0,1417.0,8952.0,2262.0,3270.0,3784.0,2209.0
2021-02-13+4week,713.0,582.0,711.0,4078.0,1529.0,7785.0,2819.0,3064.0,3159.0,2209.0
2021-02-14+1week,522.0,579.0,750.0,4105.0,1384.0,6789.0,2239.0,3252.0,3270.0,2217.0
2021-02-14+2week,622.0,600.0,768.0,4093.0,1417.0,8952.0,2262.0,3270.0,3784.0,2209.0
2021-02-14+4week,713.0,582.0,711.0,4078.0,1529.0,7785.0,2819.0,3064.0,3159.0,2209.0
2021-02-15+1week,522.0,579.0,750.0,4105.0,1384.0,6789.0,2239.0,3252.0,3270.0,2217.0
2021-02-15+2week,622.0,600.0,768.0,4093.0,1417.0,8952.0,2262.0,3270.0,3784.0,2209.0
2021-02-15+4week,713.0,582.0,711.0,4078.0,1529.0,7785.0,2819.0,3064.0,3159.0,2209.0
2021-02-16+1week,522.0,579.0,750.0,4105.0,1384.0,6789.0,2239.0,3252.0,3270.0,2217.0
2021-02-16+2week,622.0,600.0,768.0,4093.0,1417.0,8952.0,2262.0,3270.0,3784.0,2209.0
2021-02-16+4week,713.0,582.0,711.0,4078.0,1529.0,7785.0,2819.0,3064.0,3159.0,2209.0
2021-02-17+1week,522.0,579.0,750.0,4105.0,1384.0,6789.0,2239.0,3252.0,3270.0,2217.0
2021-02-17+2week,622.0,600.0,768.0,4093.0,1417.0,8952.0,2262.0,3270.0,3784.0,2209.0
2021-02-17+4week,713.0,582.0,711.0,4078.0,1529.0,7785.0,2819.0,3064.0,3159.0,2209.0
2021-02-18+1week,522.0,579.0,750.0,4105.0,1384.0,6789.0,2239.0,3252.0,3270.0,2217.0
2021-02-18+2week,622.0,600.0,768.0,4093.0,1417.0,8952.0,2262.0,3270.0,3784.0,2209.0
2021-02-18+4week,713.0,582.0,711.0,4078.0,1529.0,7785.0,2819.0,3064.0,3159.0,2209.0
2021-02-19+1week,522.0,579.0,750.0,4105.0,1384.0,6789.0,2239.0,3252.0,3270.0,2217.0
2021-02-19+2week,622.0,600.0,768.0,4093.0,1417.0,8952.0,2262.0,3270.0,3784.0,2209.0
2021-02-19+4week,713.0,582.0,711.0,4078.0,1529.0,7785.0,2819.0,3064.0,3159.0,2209.0
2021-02-20+1week,522.0,579.0,750.0,4105.0,1384.0,6789.0,2239.0,3252.0,3270.0,2217.0
2021-02-20+2week,622.0,600.0,768.0,4093.0,1417.0,8952.0,2262.0,3270.0,3784.0,2209.0
2021-02-20+4week,713.0,582.0,711.0,4078.0,1529.0,7785.0,2819.0,3064.0,3159.0,2209.0
2021-02-21+1week,522.0,579.0,750.0,4105.0,1384.0,6789.0,2239.0,3252.0,3270.0,2217.0
2021-02-21+2week,622.0,600.0,768.0,4093.0,1417.0,8952.0,2262.0,3270.0,3784.0,2209.0
2021-02-21+4week,713.0,582.0,711.0,4078.0,1529.0,7785.0,2819.0,3064.0,3159.0,2209.0
2021-02-22+1week,522.0,579.0,750.0,4105.0,1384.0,6789.0,2239.0,3252.0,3270.0,2217.0
2021-02-22+2week,622.0,600.0,768.0,4093.0,1417.0,8952.0,2262.0,3270.0,3784.0,2209.0
2021-02-22+4week,713.0,582.0,711.0,4078.0,1529.0,7785.0,2819.0,3064.0,3159.0,2209.0
2021-02-23+1week,522.0,579.0,750.0,4105.0,1384.0,6789.0,2239.0,3252.0,3270.0,2217.0
2021-02-23+2week,622.0,600.0,768.0,4093.0,1417.0,8952.0,2262.0,3270.0,3784.0,2209.0
2021-02-23+4week,713.0,582.0,711.0,4078.0,1529.0,7785.0,2819.0,3064.0,3159.0,2209.0
2021-02-24+1week,522.0,579.0,750.0,4105.0,1384.0,6789.0,2239.0,3252.0,3270.0,2217.0
2021-02-24+2week,622.0,600.0,768.0,4093.0,1417.0,8952.0,2262.0,3270.0,3784.0,2209.0
2021-02-24+4week,713.0,582.0,711.0,4078.0,1529.0,7785.0,2819.0,3064.0,3159.0,2209.0
2021-02-25+1week,522.0,579.0,750.0,4105.0,1384.0,6789.0,2239.0,3252.0,3270.0,2217.0
2021-02-25+2week,622.0,600.0,768.0,4093.0,1417.0,8952.0,2262.0,3270.0,3784.0,2209.0
2021-02-25+4week,713.0,582.0,711.0,4078.0,1529.0,7785.0,2819.0,3064.0,3159.0,2209.0
2021-02-26+1week,522.0,579.0,750.0,4105.0,1384.0,6789.0,2239.0,3252.0,3270.0,2217.0
2021-02-26+2week,622.0,600.0,768.0,4093.0,1417.0,8952.0,2262.0,3270.0,3784.0,2209.0
2021-02-26+4week,713.0,582.0,711.0,4078.0,1529.0,7785.0,2819.0,3064.0,3159.0,2209.0
2021-02-27+1week,522.0,579.0,750.0,4105.0,1384.0,6789.0,2239.0,3252.0,3270.0,2217.0
2021-02-27+2week,622.0,600.0,768.0,4093.0,1417.0,8952.0,2262.0,3270.0,3784.0,2209.0
2021-02-27+4week,713.0,582.0,711.0,4078.0,1529.0,7785.0,2819.0,3064.0,3159.0,2209.0
2021-02-28+1week,522.0,579.0,750.0,4105.0,1384.0,6789.0,2239.0,3252.0,3270.0,2217.0
2021-02-28+2week,622.0,600.0,768.0,4093.0,1417.0,8952.0,2262.0,3270.0,3784.0,2209.0
2021-02-28+4week,713.0,582.0,711.0,4078.0,1529.0,7785.0,2819.0,3064.0,3159.0,2209.0
2021-03-01+1week,522.0,579.0,750.0,4105.0,1384.0,6789.0,2239.0,3252.0,3270.0,2217.0
2021-03-01+2week,622.0,600.0,768.0,4093.0,1417.0,8952.0,2262.0,3270.0,3784.0,2209.0
2021-03-01+4week,713.0,582.0,711.0,4078.0,1529.0,7785.0,2819.0,3064.0,3159.0,2209.0
2021-03-02+1week,522.0,579.0,750.0,4105.0,1384.0,6789.0,2239.0,3252.0,3270.0,2217.0
2021-03-02+2week,622.0,600.0,768.0,4093.0,1417.0,8952.0,2262.0,3270.0,3784.0,2209.0
2021-03-02+4week,713.0,582.0,711.0,4078.0,1529.0,7785.0,2819.0,3064.0,3159.0,2209.0
2021-03-03+1week,522.0,579.0,750.0,4105.0,1384.0,6789.0,2239.0,3252.0,3270.0,2217.0
2021-03-03+2week,622.0,600.0,768.0,4093.0,1417.0,8952.0,2262.0,3270.0,3784.0,2209.0
2021-03-03+4week,713.0,582.0,711.0,4078.0,1529.0,7785.0,2819.0,3064.0,3159.0,2209.0
2021-03-04+1week,522.0,579.0,750.0,4105.0,1384.0,6789.0,2239.0,3252.0,3270.0,2217.0
2021-03-04+2week,622.0,600.0,768.0,4093.0,1417.0,8952.0,2262.0,3270.0,3784.0,2209.0
2021-03-04+4week,713.0,582.0,711.0,4078.0,1529.0,7785.0,2819.0,3064.0,3159.0,2209.0
2021-03-05+1week,522.0,579.0,750.0,4105.0,1384.0,6789.0,2239.0,3252.0,3270.0,2217.0
2021-03-05+2week,622.0,600.0,768.0,4093.0,1417.0,8952.0,2262.0,3270.0,3784.0,2209.0
2021-03-05+4week,713.0,582.0,711.0,4078.0,1529.0,7785.0,2819.0,3064.0,3159.0,2209.0
2021-03-06+1week,522.0,579.0,750.0,4105.0,1384.0,6789.0,2239.0,3252.0,3270.0,2217.0
2021-03-06+2week,622.0,600.0,768.0,4093.0,1417.0,8952.0,2262.0,3270.0,3784.0,2209.0
2021-03-06+4week,713.0,582.0,711.0,4078.0,1529.0,7785.0,2819.0,3064.0,3159.0,2209.0
2021-03-07+1week,522.0,579.0,750.0,4105.0,1384.0,6789.0,2239.0,3252.0,3270.0,2217.0
2021-03-07+2week,622.0,600.0,768.0,4093.0,1417.0,8952.0,2262.0,3270.0,3784.0,2209.0
2021-03-07+4week,713.0,582.0,711.0,4078.0,1529.0,7785.0,2819.0,3064.0,3159.0,2209.0
2021-03-08+1week,522.0,579.0,750.0,4105.0,1384.0,6789.0,2239.0,3252.0,3270.0,2217.0
2021-03-08+2week,622.0,600.0,768.0,4093.0,1417.0,8952.0,2262.0,3270.0,3784.0,2209.0
2021-03-08+4week,713.0,582.0,711.0,4078.0,1529.0,7785.0,2819.0,3064.0,3159.0,2209.0
2021-03-09+1week,522.0,579.0,750.0,4105.0,1384.0,6789.0,2239.0,3252.0,3270.0,2217.0
2021-03-09+2week,622.0,600.0,768.0,4093.0,1417.0,8952.0,2262.0,3270.0,3784.0,2209.0
2021-03-09+4week,713.0,582.0,711.0,4078.0,1529.0,7785.0,2819.0,3064.0,3159.0,2209.0
2021-03-10+1week,522.0,579.0,750.0,4105.0,1384.0,6789.0,2239.0,3252.0,3270.0,2217.0
2021-03-10+2week,622.0,600.0,768.0,4093.0,1417.0,8952.0,2262.0,3270.0,3784.0,2209.0
2021-03-10+4week,713.0,582.0,711.0,4078.0,1529.0,7785.0,2819.0,3064.0,3159.0,2209.0
2021-03-11+1week,522.0,579.0,750.0,4105.0,1384.0,6789.0,2239.0,3252.0,3270.0,2217.0
2021-03-11+2week,622.0,600.0,768.0,4093.0,1417.0,8952.0,2262.0,3270.0,3784.0,2209.0
2021-03-11+4week,713.0,582.0,711.0,4078.0,1529.0,7785.0,2819.0,3064.0,3159.0,2209.0
2021-03-12+1week,522.0,579.0,750.0,4105.0,1384.0,6789.0,2239.0,3252.0,3270.0,2217.0
2021-03-12+2week,622.0,600.0,768.0,4093.0,1417.0,8952.0,2262.0,3270.0,3784.0,2209.0
2021-03-12+4week,713.0,582.0,711.0,4078.0,1529.0,7785.0,2819.0,3064.0,3159.0,2209.0
2021-03-13+1week,522.0,579.0,750.0,4105.0,1384.0,6789.0,2239.0,3252.0,3270.0,2217.0
2021-03-13+2week,622.0,600.0,768.0,4093.0,1417.0,8952.0,2262.0,3270.0,3784.0,2209.0
2021-03-13+4week,713.0,582.0,711.0,4078.0,1529.0,7785.0,2819.0,3064.0,3159.0,2209.0
2021-03-14+1week,522.0,579.0,750.0,4105.0,1384.0,6789.0,2239.0,3252.0,3270.0,2217.0
2021-03-14+2week,622.0,600.0,768.0,4093.0,1417.0,8952.0,2262.0,3270.0,3784.0,2209.0
2021-03-14+4week,713.0,582.0,711.0,4078.0,1529.0,7785.0,2819.0,3064.0,3159.0,2209.0
2021-03-15+1week,522.0,579.0,750.0,4105.0,1384.0,6789.0,2239.0,3252.0,3270.0,2217.0
2021-03-15+2week,622.0,600.0,768.0,4093.0,1417.0,8952.0,2262.0,3270.0,3784.0,2209.0
2021-03-15+4week,713.0,582.0,711.0,4078.0,1529.0,7785.0,2819.0,3064.0,3159.0,2209.0
2021-03-16+1week,522.0,579.0,750.0,4105.0,1384.0,6789.0,2239.0,3252.0,3270.0,2217.0
2021-03-16+2week,622.0,600.0,768.0,4093.0,1417.0,8952.0,2262.0,3270.0,3784.0,2209.0
2021-03-16+4week,713.0,582.0,711.0,4078.0,1529.0,7785.0,2819.0,3064.0,3159.0,2209.0
2021-03-17+1week,522.0,579.0,750.0,4105.0,1384.0,6789.0,2239.0,3252.0,3270.0,2217.0
2021-03-17+2week,622.0,600.0,768.0,4093.0,1417.0,8952.0,2262.0,3270.0,3784.0,2209.0
2021-03-17+4week,713.0,582.0,711.0,4078.0,1529.0,7785.0,2819.0,3064.0,3159.0,2209.0
2021-03-18+1week,522.0,579.0,750.0,4105.0,1384.0,6789.0,2239.0,3252.0,3270.0,2217.0
2021-03-18+2week,622.0,600.0,768.0,4093.0,1417.0,8952.0,2262.0,3270.0,3784.0,2209.0
2021-03-18+4week,713.0,582.0,711.0,4078.0,1529.0,7785.0,2819.0,3064.0,3159.0,2209.0
2021-03-19+1week,522.0,579.0,750.0,4105.0,1384.0,6789.0,2239.0,3252.0,3270.0,2217.0
2021-03-19+2week,622.0,600.0,768.0,4093.0,1417.0,8952.0,2262.0,3270.0,3784.0,2209.0
2021-03-19+4week,713.0,582.0,711.0,4078.0,1529.0,7785.0,2819.0,3064.0,3159.0,2209.0
2021-03-20+1week,522.0,579.0,750.0,4105.0,1384.0,6789.0,2239.0,3252.0,3270.0,2217.0
2021-03-20+2week,622.0,600.0,768.0,4093.0,1417.0,8952.0,2262.0,3270.0,3784.0,2209.0
2021-03-20+4week,713.0,582.0,711.0,4078.0,1529.0,7785.0,2819.0,3064.0,3159.0,2209.0
2021-03-21+1week,522.0,579.0,750.0,4105.0,1384.0,6789.0,2239.0,3252.0,3270.0,2217.0
2021-03-21+2week,622.0,600.0,768.0,4093.0,1417.0,8952.0,2262.0,3270.0,3784.0,2209.0
2021-03-21+4week,713.0,582.0,711.0,4078.0,1529.0,7785.0,2819.0,3064.0,3159.0,2209.0
2021-03-22+1week,522.0,579.0,750.0,4105.0,1384.0,6789.0,2239.0,3252.0,3270.0,2217.0
2021-03-22+2week,622.0,600.0,768.0,4093.0,1417.0,8952.0,2262.0,3270.0,3784.0,2209.0
2021-03-22+4week,713.0,582.0,711.0,4078.0,1529.0,7785.0,2819.0,3064.0,3159.0,2209.0
2021-03-23+1week,522.0,579.0,750.0,4105.0,1384.0,6789.0,2239.0,3252.0,3270.0,2217.0
2021-03-23+2week,622.0,600.0,768.0,4093.0,1417.0,8952.0,2262.0,3270.0,3784.0,2209.0
2021-03-23+4week,713.0,582.0,711.0,4078.0,1529.0,7785.0,2819.0,3064.0,3159.0,2209.0
2021-03-24+1week,522.0,579.0,750.0,4105.0,1384.0,6789.0,2239.0,3252.0,3270.0,2217.0
2021-03-24+2week,622.0,600.0,768.0,4093.0,1417.0,8952.0,2262.0,3270.0,3784.0,2209.0
2021-03-24+4week,713.0,582.0,711.0,4078.0,1529.0,7785.0,2819.0,3064.0,3159.0,2209.0
2021-03-25+1week,522.0,579.0,750.0,4105.0,1384.0,6789.0,2239.0,3252.0,3270.0,2217.0
2021-03-25+2week,622.0,600.0,768.0,4093.0,1417.0,8952.0,2262.0,3270.0,3784.0,2209.0
2021-03-25+4week,713.0,582.0,711.0,4078.0,1529.0,7785.0,2819.0,3064.0,3159.0,2209.0
2021-03-26+1week,522.0,579.0,750.0,4105.0,1384.0,6789.0,2239.0,3252.0,3270.0,2217.0
2021-03-26+2week,622.0,600.0,768.0,4093.0,1417.0,8952.0,2262.0,3270.0,3784.0,2209.0
2021-03-26+4week,713.0,582.0,711.0,4078.0,1529.0,7785.0,2819.0,3064.0,3159.0,2209.0
2021-03-27+1week,522.0,579.0,750.0,4105.0,1384.0,6789.0,2239.0,3252.0,3270.0,2217.0
2021-03-27+2week,622.0,600.0,768.0,4093.0,1417.0,8952.0,2262.0,3270.0,3784.0,2209.0
2021-03-27+4week,713.0,582.0,711.0,4078.0,1529.0,7785.0,2819.0,3064.0,3159.0,2209.0
2021-03-28+1week,522.0,579.0,750.0,4105.0,1384.0,6789.0,2239.0,3252.0,3270.0,2217.0
2021-03-28+2week,622.0,600.0,768.0,4093.0,1417.0,8952.0,2262.0,3270.0,3784.0,2209.0
2021-03-28+4week,713.0,582.0,711.0,4078.0,1529.0,7785.0,2819.0,3064.0,3159.0,2209.0
2021-03-29+1week,522.0,579.0,750.0,4105.0,1384.0,6789.0,2239.0,3252.0,3270.0,2217.0
2021-03-29+2week,622.0,600.0,768.0,4093.0,1417.0,8952.0,2262.0,3270.0,3784.0,2209.0
2021-03-29+4week,713.0,582.0,711.0,4078.0,1529.0,7785.0,2819.0,3064.0,3159.0,2209.0
2021-03-30+1week,522.0,579.0,750.0,4105.0,1384.0,6789.0,2239.0,3252.0,3270.0,2217.0
2021-03-30+2week,622.0,600.0,768.0,4093.0,1417.0,8952.0,2262.0,3270.0,3784.0,2209.0
2021-03-30+4week,713.0,582.0,711.0,4078.0,1529.0,7785.0,2819.0,3064.0,3159.0,2209.0
2021-03-31+1week,522.0,579.0,750.0,4105.0,1384.0,6789.0,2239.0,3252.0,3270.0,2217.0
2021-03-31+2week,622.0,600.0,768.0,4093.0,1417.0,8952.0,2262.0,3270.0,3784.0,2209.0
2021-03-31+4week,713.0,582.0,711.0,4078.0,1529.0,7785.0,2819.0,3064.0,3159.0,2209.0
2021-04-01+1week,522.0,579.0,750.0,4105.0,1384.0,6789.0,2239.0,3252.0,3270.0,2217.0
2021-04-01+2week,622.0,600.0,768.0,4093.0,1417.0,8952.0,2262.0,3270.0,3784.0,2209.0
2021-04-01+4week,713.0,582.0,711.0,4078.0,1529.0,7785.0,2819.0,3064.0,3159.0,2209.0
2021-04-02+1week,522.0,579.0,750.0,4105.0,1384.0,6789.0,2239.0,3252.0,3270.0,2217.0
2021-04-02+2week,622.0,600.0,768.0,4093.0,1417.0,8952.0,2262.0,3270.0,3784.0,2209.0
2021-04-02+4week,713.0,582.0,711.0,4078.0,1529.0,7785.0,2819.0,3064.0,3159.0,2209.0
2021-04-03+1week,522.0,579.0,750.0,4105.0,1384.0,6789.0,2239.0,3252.0,3270.0,2217.0
2021-04-03+2week,622.0,600.0,768.0,4093.0,1417.0,8952.0,2262.0,3270.0,3784.0,2209.0
2021-04-03+4week,713.0,582.0,711.0,4078.0,1529.0,7785.0,2819.0,3064.0,3159.0,2209.0
2021-04-04+1week,522.0,579.0,750.0,4105.0,1384.0,6789.0,2239.0,3252.0,3270.0,2217.0
2021-04-04+2week,622.0,600.0,768.0,4093.0,1417.0,8952.0,2262.0,3270.0,3784.0,2209.0
2021-04-04+4week,713.0,582.0,711.0,4078.0,1529.0,7785.0,2819.0,3064.0,3159.0,2209.0
2021-04-05+1week,522.0,579.0,750.0,4105.0,1384.0,6789.0,2239.0,3252.0,3270.0,2217.0
2021-04-05+2week,622.0,600.0,768.0,4093.0,1417.0,8952.0,2262.0,3270.0,3784.0,2209.0
2021-04-05+4week,713.0,582.0,711.0,4078.0,1529.0,7785.0,2819.0,3064.0,3159.0,2209.0
2021-04-06+1week,522.0,579.0,750.0,4105.0,1384.0,6789.0,2239.0,3252.0,3270.0,2217.0
2021-04-06+2week,622.0,600.0,768.0,4093.0,1417.0,8952.0,2262.0,3270.0,3784.0,2209.0
2021-04-06+4week,713.0,582.0,711.0,4078.0,1529.0,7785.0,2819.0,3064.0,3159.0,2209.0
2021-04-07+1week,522.0,579.0,750.0,4105.0,1384.0,6789.0,2239.0,3252.0,3270.0,2217.0
2021-04-07+2week,622.0,600.0,768.0,4093.0,1417.0,8952.0,2262.0,3270.0,3784.0,2209.0
2021-04-07+4week,713.0,582.0,711.0,4078.0,1529.0,7785.0,2819.0,3064.0,3159.0,2209.0
2021-04-08+1week,522.0,579.0,750.0,4105.0,1384.0,6789.0,2239.0,3252.0,3270.0,2217.0
2021-04-08+2week,622.0,600.0,768.0,4093.0,1417.0,8952.0,2262.0,3270.0,3784.0,2209.0
2021-04-08+4week,713.0,582.0,711.0,4078.0,1529.0,7785.0,2819.0,3064.0,3159.0,2209.0
2021-04-09+1week,522.0,579.0,750.0,4105.0,1384.0,6789.0,2239.0,3252.0,3270.0,2217.0
2021-04-09+2week,622.0,600.0,768.0,4093.0,1417.0,8952.0,2262.0,3270.0,3784.0,2209.0
2021-04-09+4week,713.0,582.0,711.0,4078.0,1529.0,7785.0,2819.0,3064.0,3159.0,2209.0
2021-04-10+1week,522.0,579.0,750.0,4105.0,1384.0,6789.0,2239.0,3252.0,3270.0,2217.0
2021-04-10+2week,622.0,600.0,768.0,4093.0,1417.0,8952.0,2262.0,3270.0,3784.0,2209.0
2021-04-10+4week,713.0,582.0,711.0,4078.0,1529.0,7785.0,2819.0,3064.0,3159.0,2209.0
2021-04-11+1week,522.0,579.0,750.0,4105.0,1384.0,6789.0,2239.0,3252.0,3270.0,2217.0
2021-04-11+2week,622.0,600.0,768.0,4093.0,1417.0,8952.0,2262.0,3270.0,3784.0,2209.0
2021-04-11+4week,713.0,582.0,711.0,4078.0,1529.0,7785.0,2819.0,3064.0,3159.0,2209.0
2021-04-12+1week,522.0,579.0,750.0,4105.0,1384.0,6789.0,2239.0,3252.0,3270.0,2217.0
2021-04-12+2week,622.0,600.0,768.0,4093.0,1417.0,8952.0,2262.0,3270.0,3784.0,2209.0
2021-04-12+4week,713.0,582.0,711.0,4078.0,1529.0,7785.0,2819.0,3064.0,3159.0,2209.0
2021-04-13+1week,522.0,579.0,750.0,4105.0,1384.0,6789.0,2239.0,3252.0,3270.0,2217.0
2021-04-13+2week,622.0,600.0,768.0,4093.0,1417.0,8952.0,2262.0,3270.0,3784.0,2209.0
2021-04-13+4week,713.0,582.0,711.0,4078.0,1529.0,7785.0,2819.0,3064.0,3159.0,2209.0
2021-04-14+1week,522.0,579.0,750.0,4105.0,1384.0,6789.0,2239.0,3252.0,3270.0,2217.0
2021-04-14+2week,622.0,600.0,768.0,4093.0,1417.0,8952.0,2262.0,3270.0,3784.0,2209.0
2021-04-14+4week,713.0,582.0,711.0,4078.0,1529.0,7785.0,2819.0,3064.0,3159.0,2209.0
2021-04-15+1week,522.0,579.0,750.0,4105.0,1384.0,6789.0,2239.0,3252.0,3270.0,2217.0
2021-04-15+2week,622.0,600.0,768.0,4093.0,1417.0,8952.0,2262.0,3270.0,3784.0,2209.0
2021-04-15+4week,713.0,582.0,711.0,4078.0,1529.0,7785.0,2819.0,3064.0,3159.0,2209.0
2021-04-16+1week,522.0,579.0,750.0,4105.0,1384.0,6789.0,2239.0,3252.0,3270.0,2217.0
2021-04-16+2week,622.0,600.0,768.0,4093.0,1417.0,8952.0,2262.0,3270.0,3784.0,2209.0
2021-04-16+4week,713.0,582.0,711.0,4078.0,1529.0,7785.0,2819.0,3064.0,3159.0,2209.0
2021-04-17+1week,522.0,579.0,750.0,4105.0,1384.0,6789.0,2239.0,3252.0,3270.0,2217.0
2021-04-17+2week,622.0,600.0,768.0,4093.0,1417.0,8952.0,2262.0,3270.0,3784.0,2209.0
2021-04-17+4week,713.0,582.0,711.0,4078.0,1529.0,7785.0,2819.0,3064.0,3159.0,2209.0
2021-04-18+1week,522.0,579.0,750.0,4105.0,1384.0,6789.0,2239.0,3252.0,3270.0,2217.0
2021-04-18+2week,622.0,600.0,768.0,4093.0,1417.0,8952.0,2262.0,3270.0,3784.0,2209.0
2021-04-18+4week,713.0,582.0,711.0,4078.0,1529.0,7785.0,2819.0,3064.0,3159.0,2209.0
2021-04-19+1week,522.0,579.0,750.0,4105.0,1384.0,6789.0,2239.0,3252.0,3270.0,2217.0
2021-04-19+2week,622.0,600.0,768.0,4093.0,1417.0,8952.0,2262.0,3270.0,3784.0,2209.0
2021-04-19+4week,713.0,582.0,711.0,4078.0,1529.0,7785.0,2819.0,3064.0,3159.0,2209.0
2021-04-20+1week,522.0,579.0,750.0,4105.0,1384.0,6789.0,2239.0,3252.0,3270.0,2217.0
2021-04-20+2week,622.0,600.0,768.0,4093.0,1417.0,8952.0,2262.0,3270.0,3784.0,2209.0
2021-04-20+4week,713.0,582.0,711.0,4078.0,1529.0,7785.0,2819.0,3064.0,3159.0,2209.0
2021-04-21+1week,522.0,579.0,750.0,4105.0,1384.0,6789.0,2239.0,3252.0,3270.0,2217.0
2021-04-21+2week,622.0,600.0,768.0,4093.0,1417.0,8952.0,2262.0,3270.0,3784.0,2209.0
2021-04-21+4week,713.0,582.0,711.0,4078.0,1529.0,7785.0,2819.0,3064.0,3159.0,2209.0
2021-04-22+1week,522.0,579.0,750.0,4105.0,1384.0,6789.0,2239.0,3252.0,3270.0,2217.0
2021-04-22+2week,622.0,600.0,768.0,4093.0,1417.0,8952.0,2262.0,3270.0,3784.0,2209.0
2021-04-22+4week,713.0,582.0,711.0,4078.0,1529.0,7785.0,2819.0,3064.0,3159.0,2209.0
2021-04-23+1week,522.0,579.0,750.0,4105.0,1384.0,6789.0,2239.0,3252.0,3270.0,2217.0
2021-04-23+2week,622.0,600.0,768.0,4093.0,1417.0,8952.0,2262.0,3270.0,3784.0,2209.0
2021-04-23+4week,713.0,582.0,711.0,4078.0,1529.0,7785.0,2819.0,3064.0,3159.0,2209.0
2021-04-24+1week,522.0,579.0,750.0,4105.0,1384.0,6789.0,2239.0,3252.0,3270.0,2217.0
2021-04-24+2week,622.0,600.0,768.0,4093.0,1417.0,8952.0,2262.0,3270.0,3784.0,2209.0
2021-04-24+4week,713.0,582.0,711.0,4078.0,1529.0,7785.0,2819.0,3064.0,3159.0,2209.0
2021-04-25+1week,522.0,579.0,750.0,4105.0,1384.0,6789.0,2239.0,3252.0,3270.0,2217.0
2021-04-25+2week,622.0,600.0,768.0,4093.0,1417.0,8952.0,2262.0,3270.0,3784.0,2209.0
2021-04-25+4week,713.0,582.0,711.0,4078.0,1529.0,7785.0,2819.0,3064.0,3159.0,2209.0
2021-04-26+1week,522.0,579.0,750.0,4105.0,1384.0,6789.0,2239.0,3252.0,3270.0,2217.0
2021-04-26+2week,622.0,600.0,768.0,4093.0,1417.0,8952.0,2262.0,3270.0,3784.0,2209.0
2021-04-26+4week,713.0,582.0,711.0,4078.0,1529.0,7785.0,2819.0,3064.0,3159.0,2209.0
2021-04-27+1week,522.0,579.0,750.0,4105.0,1384.0,6789.0,2239.0,3252.0,3270.0,2217.0
2021-04-27+2week,622.0,600.0,768.0,4093.0,1417.0,8952.0,2262.0,3270.0,3784.0,2209.0
2021-04-27+4week,713.0,582.0,711.0,4078.0,1529.0,7785.0,2819.0,3064.0,3159.0,2209.0
2021-04-28+1week,522.0,579.0,750.0,4105.0,1384.0,6789.0,2239.0,3252.0,3270.0,2217.0
2021-04-28+2week,622.0,600.0,768.0,4093.0,1417.0,8952.0,2262.0,3270.0,3784.0,2209.0
2021-04-28+4week,713.0,582.0,711.0,4078.0,1529.0,7785.0,2819.0,3064.0,3159.0,2209.0
2021-04-29+1week,522.0,579.0,750.0,4105.0,1384.0,6789.0,2239.0,3252.0,3270.0,2217.0
2021-04-29+2week,622.0,600.0,768.0,4093.0,1417.0,8952.0,2262.0,3270.0,3784.0,2209.0
2021-04-29+4week,713.0,582.0,711.0,4078.0,1529.0,7785.0,2819.0,3064.0,3159.0,2209.0
2021-04-30+1week,522.0,579.0,750.0,4105.0,1384.0,6789.0,2239.0,3252.0,3270.0,2217.0
2021-04-30+2week,622.0,600.0,768.0,4093.0,1417.0,8952.0,2262.0,3270.0,3784.0,2209.0
2021-04-30+4week,713.0,582.0,711.0,4078.0,1529.0,7785.0,2819.0,3064.0,3159.0,2209.0
2021-05-01+1week,522.0,579.0,750.0,4105.0,1384.0,6789.0,2239.0,3252.0,3270.0,2217.0
2021-05-01+2week,622.0,600.0,768.0,4093.0,1417.0,8952.0,2262.0,3270.0,3784.0,2209.0
2021-05-01+4week,713.0,582.0,711.0,4078.0,1529.0,7785.0,2819.0,3064.0,3159.0,2209.0
2021-05-02+1week,522.0,579.0,750.0,4105.0,1384.0,6789.0,2239.0,3252.0,3270.0,2217.0
2021-05-02+2week,622.0,600.0,768.0,4093.0,1417.0,8952.0,2262.0,3270.0,3784.0,2209.0
2021-05-02+4week,713.0,582.0,711.0,4078.0,1529.0,7785.0,2819.0,3064.0,3159.0,2209.0
2021-05-03+1week,522.0,579.0,750.0,4105.0,1384.0,6789.0,2239.0,3252.0,3270.0,2217.0
2021-05-03+2week,622.0,600.0,768.0,4093.0,1417.0,8952.0,2262.0,3270.0,3784.0,2209.0
2021-05-03+4week,713.0,582.0,711.0,4078.0,1529.0,7785.0,2819.0,3064.0,3159.0,2209.0
2021-05-04+1week,522.0,579.0,750.0,4105.0,1384.0,6789.0,2239.0,3252.0,3270.0,2217.0
2021-05-04+2week,622.0,600.0,768.0,4093.0,1417.0,8952.0,2262.0,3270.0,3784.0,2209.0
2021-05-04+4week,713.0,582.0,711.0,4078.0,1529.0,7785.0,2819.0,3064.0,3159.0,2209.0
2021-05-05+1week,522.0,579.0,750.0,4105.0,1384.0,6789.0,2239.0,3252.0,3270.0,2217.0
2021-05-05+2week,622.0,600.0,768.0,4093.0,1417.0,8952.0,2262.0,3270.0,3784.0,2209.0
2021-05-05+4week,713.0,582.0,711.0,4078.0,1529.0,7785.0,2819.0,3064.0,3159.0,2209.0
2021-05-06+1week,522.0,579.0,750.0,4105.0,1384.0,6789.0,2239.0,3252.0,3270.0,2217.0
2021-05-06+2week,622.0,600.0,768.0,4093.0,1417.0,8952.0,2262.0,3270.0,3784.0,2209.0
2021-05-06+4week,713.0,582.0,711.0,4078.0,1529.0,7785.0,2819.0,3064.0,3159.0,2209.0
2021-05-07+1week,522.0,579.0,750.0,4105.0,1384.0,6789.0,2239.0,3252.0,3270.0,2217.0
2021-05-07+2week,622.0,600.0,768.0,4093.0,1417.0,8952.0,2262.0,3270.0,3784.0,2209.0
2021-05-07+4week,713.0,582.0,711.0,4078.0,1529.0,7785.0,2819.0,3064.0,3159.0,2209.0
2021-05-08+1week,522.0,579.0,750.0,4105.0,1384.0,6789.0,2239.0,3252.0,3270.0,2217.0
2021-05-08+2week,622.0,600.0,768.0,4093.0,1417.0,8952.0,2262.0,3270.0,3784.0,2209.0
2021-05-08+4week,713.0,582.0,711.0,4078.0,1529.0,7785.0,2819.0,3064.0,3159.0,2209.0
2021-05-09+1week,522.0,579.0,750.0,4105.0,1384.0,6789.0,2239.0,3252.0,3270.0,2217.0
2021-05-09+2week,622.0,600.0,768.0,4093.0,1417.0,8952.0,2262.0,3270.0,3784.0,2209.0
2021-05-09+4week,713.0,582.0,711.0,4078.0,1529.0,7785.0,2819.0,3064.0,3159.0,2209.0
2021-05-10+1week,522.0,579.0,750.0,4105.0,1384.0,6789.0,2239.0,3252.0,3270.0,2217.0
2021-05-10+2week,622.0,600.0,768.0,4093.0,1417.0,8952.0,2262.0,3270.0,3784.0,2209.0
2021-05-10+4week,713.0,582.0,711.0,4078.0,1529.0,7785.0,2819.0,3064.0,3159.0,2209.0
2021-05-11+1week,522.0,579.0,750.0,4105.0,1384.0,6789.0,2239.0,3252.0,3270.0,2217.0
2021-05-11+2week,622.0,600.0,768.0,4093.0,1417.0,8952.0,2262.0,3270.0,3784.0,2209.0
2021-05-11+4week,713.0,582.0,711.0,4078.0,1529.0,7785.0,2819.0,3064.0,3159.0,2209.0
2021-05-12+1week,522.0,579.0,750.0,4105.0,1384.0,6789.0,2239.0,3252.0,3270.0,2217.0
2021-05-12+2week,622.0,600.0,768.0,4093.0,1417.0,8952.0,2262.0,3270.0,3784.0,2209.0
2021-05-12+4week,713.0,582.0,711.0,4078.0,1529.0,7785.0,2819.0,3064.0,3159.0,2209.0
2021-05-13+1week,522.0,579.0,750.0,4105.0,1384.0,6789.0,2239.0,3252.0,3270.0,2217.0
2021-05-13+2week,622.0,600.0,768.0,4093.0,1417.0,8952.0,2262.0,3270.0,3784.0,2209.0
2021-05-13+4week,713.0,582.0,711.0,4078.0,1529.0,7785.0,2819.0,3064.0,3159.0,2209.0
2021-05-14+1week,522.0,579.0,750.0,4105.0,1384.0,6789.0,2239.0,3252.0,3270.0,2217.0
2021-05-14+2week,622.0,600.0,768.0,4093.0,1417.0,8952.0,2262.0,3270.0,3784.0,2209.0
2021-05-14+4week,713.0,582.0,711.0,4078.0,1529.0,7785.0,2819.0,3064.0,3159.0,2209.0
2021-05-15+1week,522.0,579.0,750.0,4105.0,1384.0,6789.0,2239.0,3252.0,3270.0,2217.0
2021-05-15+2week,622.0,600.0,768.0,4093.0,1417.0,8952.0,2262.0,3270.0,3784.0,2209.0
2021-05-15+4week,713.0,582.0,711.0,4078.0,1529.0,7785.0,2819.0,3064.0,3159.0,2209.0
2021-05-16+1week,522.0,579.0,750.0,4105.0,1384.0,6789.0,2239.0,3252.0,3270.0,2217.0
2021-05-16+2week,622.0,600.0,768.0,4093.0,1417.0,8952.0,2262.0,3270.0,3784.0,2209.0
2021-05-16+4week,713.0,582.0,711.0,4078.0,1529.0,7785.0,2819.0,3064.0,3159.0,2209.0
2021-05-17+1week,522.0,579.0,750.0,4105.0,1384.0,6789.0,2239.0,3252.0,3270.0,2217.0
2021-05-17+2week,622.0,600.0,768.0,4093.0,1417.0,8952.0,2262.0,3270.0,3784.0,2209.0
2021-05-17+4week,713.0,582.0,711.0,4078.0,1529.0,7785.0,2819.0,3064.0,3159.0,2209.0
2021-05-18+1week,522.0,579.0,750.0,4105.0,1384.0,6789.0,2239.0,3252.0,3270.0,2217.0
2021-05-18+2week,622.0,600.0,768.0,4093.0,1417.0,8952.0,2262.0,3270.0,3784.0,2209.0
2021-05-18+4week,713.0,582.0,711.0,4078.0,1529.0,7785.0,2819.0,3064.0,3159.0,2209.0
2021-05-19+1week,522.0,579.0,750.0,4105.0,1384.0,6789.0,2239.0,3252.0,3270.0,2217.0
2021-05-19+2week,622.0,600.0,768.0,4093.0,1417.0,8952.0,2262.0,3270.0,3784.0,2209.0
2021-05-19+4week,713.0,582.0,711.0,4078.0,1529.0,7785.0,2819.0,3064.0,3159.0,2209.0
2021-05-20+1week,522.0,579.0,750.0,4105.0,1384.0,6789.0,2239.0,3252.0,3270.0,2217.0
2021-05-20+2week,622.0,600.0,768.0,4093.0,1417.0,8952.0,2262.0,3270.0,3784.0,2209.0
2021-05-20+4week,713.0,582.0,711.0,4078.0,1529.0,7785.0,2819.0,3064.0,3159.0,2209.0
2021-05-21+1week,522.0,579.0,750.0,4105.0,1384.0,6789.0,2239.0,3252.0,3270.0,2217.0
2021-05-21+2week,622.0,600.0,768.0,4093.0,1417.0,8952.0,2262.0,3270.0,3784.0,2209.0
2021-05-21+4week,713.0,582.0,711.0,4078.0,1529.0,7785.0,2819.0,3064.0,3159.0,2209.0
2021-05-22+1week,522.0,579.0,750.0,4105.0,1384.0,6789.0,2239.0,3252.0,3270.0,2217.0
2021-05-22+2week,622.0,600.0,768.0,4093.0,1417.0,8952.0,2262.0,3270.0,3784.0,2209.0
2021-05-22+4week,713.0,582.0,711.0,4078.0,1529.0,7785.0,2819.0,3064.0,3159.0,2209.0
2021-05-23+1week,522.0,579.0,750.0,4105.0,1384.0,6789.0,2239.0,3252.0,3270.0,2217.0
2021-05-23+2week,622.0,600.0,768.0,4093.0,1417.0,8952.0,2262.0,3270.0,3784.0,2209.0
2021-05-23+4week,713.0,582.0,711.0,4078.0,1529.0,7785.0,2819.0,3064.0,3159.0,2209.0
2021-05-24+1week,522.0,579.0,750.0,4105.0,1384.0,6789.0,2239.0,3252.0,3270.0,2217.0
2021-05-24+2week,622.0,600.0,768.0,4093.0,1417.0,8952.0,2262.0,3270.0,3784.0,2209.0
2021-05-24+4week,713.0,582.0,711.0,4078.0,1529.0,7785.0,2819.0,3064.0,3159.0,2209.0
2021-05-25+1week,522.0,579.0,750.0,4105.0,1384.0,6789.0,2239.0,3252.0,3270.0,2217.0
2021-05-25+2week,622.0,600.0,768.0,4093.0,1417.0,8952.0,2262.0,3270.0,3784.0,2209.0
2021-05-25+4week,713.0,582.0,711.0,4078.0,1529.0,7785.0,2819.0,3064.0,3159.0,2209.0
2021-05-26+1week,522.0,579.0,750.0,4105.0,1384.0,6789.0,2239.0,3252.0,3270.0,2217.0
2021-05-26+2week,622.0,600.0,768.0,4093.0,1417.0,8952.0,2262.0,3270.0,3784.0,2209.0
2021-05-26+4week,713.0,582.0,711.0,4078.0,1529.0,7785.0,2819.0,3064.0,3159.0,2209.0
2021-05-27+1week,522.0,579.0,750.0,4105.0,1384.0,6789.0,2239.0,3252.0,3270.0,2217.0
2021-05-27+2week,622.0,600.0,768.0,4093.0,1417.0,8952.0,2262.0,3270.0,3784.0,2209.0
2021-05-27+4week,713.0,582.0,711.0,4078.0,1529.0,7785.0,2819.0,3064.0,3159.0,2209.0
2021-05-28+1week,522.0,579.0,750.0,4105.0,1384.0,6789.0,2239.0,3252.0,3270.0,2217.0
2021-05-28+2week,622.0,600.0,768.0,4093.0,1417.0,8952.0,2262.0,3270.0,3784.0,2209.0
2021-05-28+4week,713.0,582.0,711.0,4078.0,1529.0,7785.0,2819.0,3064.0,3159.0,2209.0
2021-05-29+1week,522.0,579.0,750.0,4105.0,1384.0,6789.0,2239.0,3252.0,3270.0,2217.0
2021-05-29+2week,622.0,600.0,768.0,4093.0,1417.0,8952.0,2262.0,3270.0,3784.0,2209.0
2021-05-29+4week,713.0,582.0,711.0,4078.0,1529.0,7785.0,2819.0,3064.0,3159.0,2209.0
2021-05-30+1week,522.0,579.0,750.0,4105.0,1384.0,6789.0,2239.0,3252.0,3270.0,2217.0
2021-05-30+2week,622.0,600.0,768.0,4093.0,1417.0,8952.0,2262.0,3270.0,3784.0,2209.0
2021-05-30+4week,713.0,582.0,711.0,4078.0,1529.0,7785.0,2819.0,3064.0,3159.0,2209.0
2021-05-31+1week,522.0,579.0,750.0,4105.0,1384.0,6789.0,2239.0,3252.0,3270.0,2217.0
2021-05-31+2week,622.0,600.0,768.0,4093.0,1417.0,8952.0,2262.0,3270.0,3784.0,2209.0
2021-05-31+4week,713.0,582.0,711.0,4078.0,1529.0,7785.0,2819.0,3064.0,3159.0,2209.0
2021-06-01+1week,522.0,579.0,750.0,4105.0,1384.0,6789.0,2239.0,3252.0,3270.0,2217.0
2021-06-01+2week,622.0,600.0,768.0,4093.0,1417.0,8952.0,2262.0,3270.0,3784.0,2209.0
2021-06-01+4week,713.0,582.0,711.0,4078.0,1529.0,7785.0,2819.0,3064.0,3159.0,2209.0
2021-06-02+1week,522.0,579.0,750.0,4105.0,1384.0,6789.0,2239.0,3252.0,3270.0,2217.0
2021-06-02+2week,622.0,600.0,768.0,4093.0,1417.0,8952.0,2262.0,3270.0,3784.0,2209.0
2021-06-02+4week,713.0,582.0,711.0,4078.0,1529.0,7785.0,2819.0,3064.0,3159.0,2209.0
2021-06-03+1week,522.0,579.0,750.0,4105.0,1384.0,6789.0,2239.0,3252.0,3270.0,2217.0
2021-06-03+2week,622.0,600.0,768.0,4093.0,1417.0,8952.0,2262.0,3270.0,3784.0,2209.0
2021-06-03+4week,713.0,582.0,711.0,4078.0,1529.0,7785.0,2819.0,3064.0,3159.0,2209.0
2021-06-04+1week,522.0,579.0,750.0,4105.0,1384.0,6789.0,2239.0,3252.0,3270.0,2217.0
2021-06-04+2week,622.0,600.0,768.0,4093.0,1417.0,8952.0,2262.0,3270.0,3784.0,2209.0
2021-06-04+4week,713.0,582.0,711.0,4078.0,1529.0,7785.0,2819.0,3064.0,3159.0,2209.0
2021-06-05+1week,522.0,579.0,750.0,4105.0,1384.0,6789.0,2239.0,3252.0,3270.0,2217.0
2021-06-05+2week,622.0,600.0,768.0,4093.0,1417.0,8952.0,2262.0,3270.0,3784.0,2209.0
2021-06-05+4week,713.0,582.0,711.0,4078.0,1529.0,7785.0,2819.0,3064.0,3159.0,2209.0
2021-06-06+1week,522.0,579.0,750.0,4105.0,1384.0,6789.0,2239.0,3252.0,3270.0,2217.0
2021-06-06+2week,622.0,600.0,768.0,4093.0,1417.0,8952.0,2262.0,3270.0,3784.0,2209.0
2021-06-06+4week,713.0,582.0,711.0,4078.0,1529.0,7785.0,2819.0,3064.0,3159.0,2209.0
2021-06-07+1week,522.0,579.0,750.0,4105.0,1384.0,6789.0,2239.0,3252.0,3270.0,2217.0
2021-06-07+2week,622.0,600.0,768.0,4093.0,1417.0,8952.0,2262.0,3270.0,3784.0,2209.0
2021-06-07+4week,713.0,582.0,711.0,4078.0,1529.0,7785.0,2819.0,3064.0,3159.0,2209.0
2021-06-08+1week,522.0,579.0,750.0,4105.0,1384.0,6789.0,2239.0,3252.0,3270.0,2217.0
2021-06-08+2week,622.0,600.0,768.0,4093.0,1417.0,8952.0,2262.0,3270.0,3784.0,2209.0
2021-06-08+4week,713.0,582.0,711.0,4078.0,1529.0,7785.0,2819.0,3064.0,3159.0,2209.0
2021-06-09+1week,522.0,579.0,750.0,4105.0,1384.0,6789.0,2239.0,3252.0,3270.0,2217.0
2021-06-09+2week,622.0,600.0,768.0,4093.0,1417.0,8952.0,2262.0,3270.0,3784.0,2209.0
2021-06-09+4week,713.0,582.0,711.0,4078.0,1529.0,7785.0,2819.0,3064.0,3159.0,2209.0
2021-06-10+1week,522.0,579.0,750.0,4105.0,1384.0,6789.0,2239.0,3252.0,3270.0,2217.0
2021-06-10+2week,622.0,600.0,768.0,4093.0,1417.0,8952.0,2262.0,3270.0,3784.0,2209.0
2021-06-10+4week,713.0,582.0,711.0,4078.0,1529.0,7785.0,2819.0,3064.0,3159.0,2209.0
2021-06-11+1week,522.0,579.0,750.0,4105.0,1384.0,6789.0,2239.0,3252.0,3270.0,2217.0
2021-06-11+2week,622.0,600.0,768.0,4093.0,1417.0,8952.0,2262.0,3270.0,3784.0,2209.0
2021-06-11+4week,713.0,582.0,711.0,4078.0,1529.0,7785.0,2819.0,3064.0,3159.0,2209.0
2021-06-12+1week,522.0,579.0,750.0,4105.0,1384.0,6789.0,2239.0,3252.0,3270.0,2217.0
2021-06-12+2week,622.0,600.0,768.0,4093.0,1417.0,8952.0,2262.0,3270.0,3784.0,2209.0
2021-06-12+4week,713.0,582.0,711.0,4078.0,1529.0,7785.0,2819.0,3064.0,3159.0,2209.0
2021-06-13+1week,522.0,579.0,750.0,4105.0,1384.0,6789.0,2239.0,3252.0,3270.0,2217.0
2021-06-13+2week,622.0,600.0,768.0,4093.0,1417.0,8952.0,2262.0,3270.0,3784.0,2209.0
2021-06-13+4week,713.0,582.0,711.0,4078.0,1529.0,7785.0,2819.0,3064.0,3159.0,2209.0
2021-06-14+1week,522.0,579.0,750.0,4105.0,1384.0,6789.0,2239.0,3252.0,3270.0,2217.0
2021-06-14+2week,622.0,600.0,768.0,4093.0,1417.0,8952.0,2262.0,3270.0,3784.0,2209.0
2021-06-14+4week,713.0,582.0,711.0,4078.0,1529.0,7785.0,2819.0,3064.0,3159.0,2209.0
2021-06-15+1week,522.0,579.0,750.0,4105.0,1384.0,6789.0,2239.0,3252.0,3270.0,2217.0
2021-06-15+2week,622.0,600.0,768.0,4093.0,1417.0,8952.0,2262.0,3270.0,3784.0,2209.0
2021-06-15+4week,713.0,582.0,711.0,4078.0,1529.0,7785.0,2819.0,3064.0,3159.0,2209.0
2021-06-16+1week,522.0,579.0,750.0,4105.0,1384.0,6789.0,2239.0,3252.0,3270.0,2217.0
2021-06-16+2week,622.0,600.0,768.0,4093.0,1417.0,8952.0,2262.0,3270.0,3784.0,2209.0
2021-06-16+4week,713.0,582.0,711.0,4078.0,1529.0,7785.0,2819.0,3064.0,3159.0,2209.0
2021-06-17+1week,522.0,579.0,750.0,4105.0,1384.0,6789.0,2239.0,3252.0,3270.0,2217.0
2021-06-17+2week,622.0,600.0,768.0,4093.0,1417.0,8952.0,2262.0,3270.0,3784.0,2209.0
2021-06-17+4week,713.0,582.0,711.0,4078.0,1529.0,7785.0,2819.0,3064.0,3159.0,2209.0
2021-06-18+1week,522.0,579.0,750.0,4105.0,1384.0,6789.0,2239.0,3252.0,3270.0,2217.0
2021-06-18+2week,622.0,600.0,768.0,4093.0,1417.0,8952.0,2262.0,3270.0,3784.0,2209.0
2021-06-18+4week,713.0,582.0,711.0,4078.0,1529.0,7785.0,2819.0,3064.0,3159.0,2209.0
2021-06-19+1week,522.0,579.0,750.0,4105.0,1384.0,6789.0,2239.0,3252.0,3270.0,2217.0
2021-06-19+2week,622.0,600.0,768.0,4093.0,1417.0,8952.0,2262.0,3270.0,3784.0,2209.0
2021-06-19+4week,713.0,582.0,711.0,4078.0,1529.0,7785.0,2819.0,3064.0,3159.0,2209.0
2021-06-20+1week,522.0,579.0,750.0,4105.0,1384.0,6789.0,2239.0,3252.0,3270.0,2217.0
2021-06-20+2week,622.0,600.0,768.0,4093.0,1417.0,8952.0,2262.0,3270.0,3784.0,2209.0
2021-06-20+4week,713.0,582.0,711.0,4078.0,1529.0,7785.0,2819.0,3064.0,3159.0,2209.0
2021-06-21+1week,522.0,579.0,750.0,4105.0,1384.0,6789.0,2239.0,3252.0,3270.0,2217.0
2021-06-21+2week,622.0,600.0,768.0,4093.0,1417.0,8952.0,2262.0,3270.0,3784.0,2209.0
2021-06-21+4week,713.0,582.0,711.0,4078.0,1529.0,7785.0,2819.0,3064.0,3159.0,2209.0
2021-06-22+1week,522.0,579.0,750.0,4105.0,1384.0,6789.0,2239.0,3252.0,3270.0,2217.0
2021-06-22+2week,622.0,600.0,768.0,4093.0,1417.0,8952.0,2262.0,3270.0,3784.0,2209.0
2021-06-22+4week,713.0,582.0,711.0,4078.0,1529.0,7785.0,2819.0,3064.0,3159.0,2209.0
2021-06-23+1week,522.0,579.0,750.0,4105.0,1384.0,6789.0,2239.0,3252.0,3270.0,2217.0
2021-06-23+2week,622.0,600.0,768.0,4093.0,1417.0,8952.0,2262.0,3270.0,3784.0,2209.0
2021-06-23+4week,713.0,582.0,711.0,4078.0,1529.0,7785.0,2819.0,3064.0,3159.0,2209.0
2021-06-24+1week,522.0,579.0,750.0,4105.0,1384.0,6789.0,2239.0,3252.0,3270.0,2217.0
2021-06-24+2week,622.0,600.0,768.0,4093.0,1417.0,8952.0,2262.0,3270.0,3784.0,2209.0
2021-06-24+4week,713.0,582.0,711.0,4078.0,1529.0,7785.0,2819.0,3064.0,3159.0,2209.0
2021-06-25+1week,522.0,579.0,750.0,4105.0,1384.0,6789.0,2239.0,3252.0,3270.0,2217.0
2021-06-25+2week,622.0,600.0,768.0,4093.0,1417.0,8952.0,2262.0,3270.0,3784.0,2209.0
2021-06-25+4week,713.0,582.0,711.0,4078.0,1529.0,7785.0,2819.0,3064.0,3159.0,2209.0
2021-06-26+1week,522.0,579.0,750.0,4105.0,1384.0,6789.0,2239.0,3252.0,3270.0,2217.0
2021-06-26+2week,622.0,600.0,768.0,4093.0,1417.0,8952.0,2262.0,3270.0,3784.0,2209.0
2021-06-26+4week,713.0,582.0,711.0,4078.0,1529.0,7785.0,2819.0,3064.0,3159.0,2209.0
2021-06-27+1week,522.0,579.0,750.0,4105.0,1384.0,6789.0,2239.0,3252.0,3270.0,2217.0
2021-06-27+2week,622.0,600.0,768.0,4093.0,1417.0,8952.0,2262.0,3270.0,3784.0,2209.0
2021-06-27+4week,713.0,582.0,711.0,4078.0,1529.0,7785.0,2819.0,3064.0,3159.0,2209.0
2021-06-28+1week,522.0,579.0,750.0,4105.0,1384.0,6789.0,2239.0,3252.0,3270.0,2217.0
2021-06-28+2week,622.0,600.0,768.0,4093.0,1417.0,8952.0,2262.0,3270.0,3784.0,2209.0
2021-06-28+4week,713.0,582.0,711.0,4078.0,1529.0,7785.0,2819.0,3064.0,3159.0,2209.0
2021-06-29+1week,522.0,579.0,750.0,4105.0,1384.0,6789.0,2239.0,3252.0,3270.0,2217.0
2021-06-29+2week,622.0,600.0,768.0,4093.0,1417.0,8952.0,2262.0,3270.0,3784.0,2209.0
2021-06-29+4week,713.0,582.0,711.0,4078.0,1529.0,7785.0,2819.0,3064.0,3159.0,2209.0
2021-06-30+1week,522.0,579.0,750.0,4105.0,1384.0,6789.0,2239.0,3252.0,3270.0,2217.0
2021-06-30+2week,622.0,600.0,768.0,4093.0,1417.0,8952.0,2262.0,3270.0,3784.0,2209.0
2021-06-30+4week,713.0,582.0,711.0,4078.0,1529.0,7785.0,2819.0,3064.0,3159.0,2209.0
2021-07-01+1week,522.0,579.0,750.0,4105.0,1384.0,6789.0,2239.0,3252.0,3270.0,2217.0
2021-07-01+2week,622.0,600.0,768.0,4093.0,1417.0,8952.0,2262.0,3270.0,3784.0,2209.0
2021-07-01+4week,713.0,582.0,711.0,4078.0,1529.0,7785.0,2819.0,3064.0,3159.0,2209.0
2021-07-02+1week,522.0,579.0,750.0,4105.0,1384.0,6789.0,2239.0,3252.0,3270.0,2217.0
2021-07-02+2week,622.0,600.0,768.0,4093.0,1417.0,8952.0,2262.0,3270.0,3784.0,2209.0
2021-07-02+4week,713.0,582.0,711.0,4078.0,1529.0,7785.0,2819.0,3064.0,3159.0,2209.0
2021-07-03+1week,522.0,579.0,750.0,4105.0,1384.0,6789.0,2239.0,3252.0,3270.0,2217.0
2021-07-03+2week,622.0,600.0,768.0,4093.0,1417.0,8952.0,2262.0,3270.0,3784.0,2209.0
2021-07-03+4week,713.0,582.0,711.0,4078.0,1529.0,7785.0,2819.0,3064.0,3159.0,2209.0
2021-07-04+1week,522.0,579.0,750.0,4105.0,1384.0,6789.0,2239.0,3252.0,3270.0,2217.0
2021-07-04+2week,622.0,600.0,768.0,4093.0,1417.0,8952.0,2262.0,3270.0,3784.0,2209.0
2021-07-04+4week,713.0,582.0,711.0,4078.0,1529.0,7785.0,2819.0,3064.0,3159.0,2209.0
2021-07-05+1week,522.0,579.0,750.0,4105.0,1384.0,6789.0,2239.0,3252.0,3270.0,2217.0
2021-07-05+2week,622.0,600.0,768.0,4093.0,1417.0,8952.0,2262.0,3270.0,3784.0,2209.0
2021-07-05+4week,713.0,582.0,711.0,4078.0,1529.0,7785.0,2819.0,3064.0,3159.0,2209.0
2021-07-06+1week,522.0,579.0,750.0,4105.0,1384.0,6789.0,2239.0,3252.0,3270.0,2217.0
2021-07-06+2week,622.0,600.0,768.0,4093.0,1417.0,8952.0,2262.0,3270.0,3784.0,2209.0
2021-07-06+4week,713.0,582.0,711.0,4078.0,1529.0,7785.0,2819.0,3064.0,3159.0,2209.0
2021-07-07+1week,522.0,579.0,750.0,4105.0,1384.0,6789.0,2239.0,3252.0,3270.0,2217.0
2021-07-07+2week,622.0,600.0,768.0,4093.0,1417.0,8952.0,2262.0,3270.0,3784.0,2209.0
2021-07-07+4week,713.0,582.0,711.0,4078.0,1529.0,7785.0,2819.0,3064.0,3159.0,2209.0
2021-07-08+1week,522.0,579.0,750.0,4105.0,1384.0,6789.0,2239.0,3252.0,3270.0,2217.0
2021-07-08+2week,622.0,600.0,768.0,4093.0,1417.0,8952.0,2262.0,3270.0,3784.0,2209.0
2021-07-08+4week,713.0,582.0,711.0,4078.0,1529.0,7785.0,2819.0,3064.0,3159.0,2209.0
2021-07-09+1week,522.0,579.0,750.0,4105.0,1384.0,6789.0,2239.0,3252.0,3270.0,2217.0
2021-07-09+2week,622.0,600.0,768.0,4093.0,1417.0,8952.0,2262.0,3270.0,3784.0,2209.0
2021-07-09+4week,713.0,582.0,711.0,4078.0,1529.0,7785.0,2819.0,3064.0,3159.0,2209.0
2021-07-10+1week,522.0,579.0,750.0,4105.0,1384.0,6789.0,2239.0,3252.0,3270.0,2217.0
2021-07-10+2week,622.0,600.0,768.0,4093.0,1417.0,8952.0,2262.0,3270.0,3784.0,2209.0
2021-07-10+4week,713.0,582.0,711.0,4078.0,1529.0,7785.0,2819.0,3064.0,3159.0,2209.0
2021-07-11+1week,522.0,579.0,750.0,4105.0,1384.0,6789.0,2239.0,3252.0,3270.0,2217.0
2021-07-11+2week,622.0,600.0,768.0,4093.0,1417.0,8952.0,2262.0,3270.0,3784.0,2209.0
2021-07-11+4week,713.0,582.0,711.0,4078.0,1529.0,7785.0,2819.0,3064.0,3159.0,2209.0
2021-07-12+1week,522.0,579.0,750.0,4105.0,1384.0,6789.0,2239.0,3252.0,3270.0,2217.0
2021-07-12+2week,622.0,600.0,768.0,4093.0,1417.0,8952.0,2262.0,3270.0,3784.0,2209.0
2021-07-12+4week,713.0,582.0,711.0,4078.0,1529.0,7785.0,2819.0,3064.0,3159.0,2209.0
2021-07-13+1week,522.0,579.0,750.0,4105.0,1384.0,6789.0,2239.0,3252.0,3270.0,2217.0
2021-07-13+2week,622.0,600.0,768.0,4093.0,1417.0,8952.0,2262.0,3270.0,3784.0,2209.0
2021-07-13+4week,713.0,582.0,711.0,4078.0,1529.0,7785.0,2819.0,3064.0,3159.0,2209.0
2021-07-14+1week,522.0,579.0,750.0,4105.0,1384.0,6789.0,2239.0,3252.0,3270.0,2217.0
2021-07-14+2week,622.0,600.0,768.0,4093.0,1417.0,8952.0,2262.0,3270.0,3784.0,2209.0
2021-07-14+4week,713.0,582.0,711.0,4078.0,1529.0,7785.0,2819.0,3064.0,3159.0,2209.0
2021-07-15+1week,522.0,579.0,750.0,4105.0,1384.0,6789.0,2239.0,3252.0,3270.0,2217.0
2021-07-15+2week,622.0,600.0,768.0,4093.0,1417.0,8952.0,2262.0,3270.0,3784.0,2209.0
2021-07-15+4week,713.0,582.0,711.0,4078.0,1529.0,7785.0,2819.0,3064.0,3159.0,2209.0
2021-07-16+1week,522.0,579.0,750.0,4105.0,1384.0,6789.0,2239.0,3252.0,3270.0,2217.0
2021-07-16+2week,622.0,600.0,768.0,4093.0,1417.0,8952.0,2262.0,3270.0,3784.0,2209.0
2021-07-16+4week,713.0,582.0,711.0,4078.0,1529.0,7785.0,2819.0,3064.0,3159.0,2209.0
2021-07-17+1week,522.0,579.0,750.0,4105.0,1384.0,6789.0,2239.0,3252.0,3270.0,2217.0
2021-07-17+2week,622.0,600.0,768.0,4093.0,1417.0,8952.0,2262.0,3270.0,3784.0,2209.0
2021-07-17+4week,713.0,582.0,711.0,4078.0,1529.0,7785.0,2819.0,3064.0,3159.0,2209.0
2021-07-18+1week,522.0,579.0,750.0,4105.0,1384.0,6789.0,2239.0,3252.0,3270.0,2217.0
2021-07-18+2week,622.0,600.0,768.0,4093.0,1417.0,8952.0,2262.0,3270.0,3784.0,2209.0
2021-07-18+4week,713.0,582.0,711.0,4078.0,1529.0,7785.0,2819.0,3064.0,3159.0,2209.0
2021-07-19+1week,522.0,579.0,750.0,4105.0,1384.0,6789.0,2239.0,3252.0,3270.0,2217.0
2021-07-19+2week,622.0,600.0,768.0,4093.0,1417.0,8952.0,2262.0,3270.0,3784.0,2209.0
2021-07-19+4week,713.0,582.0,711.0,4078.0,1529.0,7785.0,2819.0,3064.0,3159.0,2209.0
2021-07-20+1week,522.0,579.0,750.0,4105.0,1384.0,6789.0,2239.0,3252.0,3270.0,2217.0
2021-07-20+2week,622.0,600.0,768.0,4093.0,1417.0,8952.0,2262.0,3270.0,3784.0,2209.0
2021-07-20+4week,713.0,582.0,711.0,4078.0,1529.0,7785.0,2819.0,3064.0,3159.0,2209.0
2021-07-21+1week,522.0,579.0,750.0,4105.0,1384.0,6789.0,2239.0,3252.0,3270.0,2217.0
2021-07-21+2week,622.0,600.0,768.0,4093.0,1417.0,8952.0,2262.0,3270.0,3784.0,2209.0
2021-07-21+4week,713.0,582.0,711.0,4078.0,1529.0,7785.0,2819.0,3064.0,3159.0,2209.0
2021-07-22+1week,522.0,579.0,750.0,4105.0,1384.0,6789.0,2239.0,3252.0,3270.0,2217.0
2021-07-22+2week,622.0,600.0,768.0,4093.0,1417.0,8952.0,2262.0,3270.0,3784.0,2209.0
2021-07-22+4week,713.0,582.0,711.0,4078.0,1529.0,7785.0,2819.0,3064.0,3159.0,2209.0
2021-07-23+1week,522.0,579.0,750.0,4105.0,1384.0,6789.0,2239.0,3252.0,3270.0,2217.0
2021-07-23+2week,622.0,600.0,768.0,4093.0,1417.0,8952.0,2262.0,3270.0,3784.0,2209.0
2021-07-23+4week,713.0,582.0,711.0,4078.0,1529.0,7785.0,2819.0,3064.0,3159.0,2209.0
2021-07-24+1week,522.0,579.0,750.0,4105.0,1384.0,6789.0,2239.0,3252.0,3270.0,2217.0
2021-07-24+2week,622.0,600.0,768.0,4093.0,1417.0,8952.0,2262.0,3270.0,3784.0,2209.0
2021-07-24+4week,713.0,582.0,711.0,4078.0,1529.0,7785.0,2819.0,3064.0,3159.0,2209.0
2021-07-25+1week,522.0,579.0,750.0,4105.0,1384.0,6789.0,2239.0,3252.0,3270.0,2217.0
2021-07-25+2week,622.0,600.0,768.0,4093.0,1417.0,8952.0,2262.0,3270.0,3784.0,2209.0
2021-07-25+4week,713.0,582.0,711.0,4078.0,1529.0,7785.0,2819.0,3064.0,3159.0,2209.0
2021-07-26+1week,522.0,579.0,750.0,4105.0,1384.0,6789.0,2239.0,3252.0,3270.0,2217.0
2021-07-26+2week,622.0,600.0,768.0,4093.0,1417.0,8952.0,2262.0,3270.0,3784.0,2209.0
2021-07-26+4week,713.0,582.0,711.0,4078.0,1529.0,7785.0,2819.0,3064.0,3159.0,2209.0
2021-07-27+1week,522.0,579.0,750.0,4105.0,1384.0,6789.0,2239.0,3252.0,3270.0,2217.0
2021-07-27+2week,622.0,600.0,768.0,4093.0,1417.0,8952.0,2262.0,3270.0,3784.0,2209.0
2021-07-27+4week,713.0,582.0,711.0,4078.0,1529.0,7785.0,2819.0,3064.0,3159.0,2209.0
2021-07-28+1week,522.0,579.0,750.0,4105.0,1384.0,6789.0,2239.0,3252.0,3270.0,2217.0
2021-07-28+2week,622.0,600.0,768.0,4093.0,1417.0,8952.0,2262.0,3270.0,3784.0,2209.0
2021-07-28+4week,713.0,582.0,711.0,4078.0,1529.0,7785.0,2819.0,3064.0,3159.0,2209.0
2021-07-29+1week,522.0,579.0,750.0,4105.0,1384.0,6789.0,2239.0,3252.0,3270.0,2217.0
2021-07-29+2week,622.0,600.0,768.0,4093.0,1417.0,8952.0,2262.0,3270.0,3784.0,2209.0
2021-07-29+4week,713.0,582.0,711.0,4078.0,1529.0,7785.0,2819.0,3064.0,3159.0,2209.0
2021-07-30+1week,522.0,579.0,750.0,4105.0,1384.0,6789.0,2239.0,3252.0,3270.0,2217.0
2021-07-30+2week,622.0,600.0,768.0,4093.0,1417.0,8952.0,2262.0,3270.0,3784.0,2209.0
2021-07-30+4week,713.0,582.0,711.0,4078.0,1529.0,7785.0,2819.0,3064.0,3159.0,2209.0
2021-07-31+1week,522.0,579.0,750.0,4105.0,1384.0,6789.0,2239.0,3252.0,3270.0,2217.0
2021-07-31+2week,622.0,600.0,768.0,4093.0,1417.0,8952.0,2262.0,3270.0,3784.0,2209.0
2021-07-31+4week,713.0,582.0,711.0,4078.0,1529.0,7785.0,2819.0,3064.0,3159.0,2209.0
2021-08-01+1week,522.0,579.0,750.0,4105.0,1384.0,6789.0,2239.0,3252.0,3270.0,2217.0
2021-08-01+2week,622.0,600.0,768.0,4093.0,1417.0,8952.0,2262.0,3270.0,3784.0,2209.0
2021-08-01+4week,713.0,582.0,711.0,4078.0,1529.0,7785.0,2819.0,3064.0,3159.0,2209.0
2021-08-02+1week,522.0,579.0,750.0,4105.0,1384.0,6789.0,2239.0,3252.0,3270.0,2217.0
2021-08-02+2week,622.0,600.0,768.0,4093.0,1417.0,8952.0,2262.0,3270.0,3784.0,2209.0
2021-08-02+4week,713.0,582.0,711.0,4078.0,1529.0,7785.0,2819.0,3064.0,3159.0,2209.0
2021-08-03+1week,522.0,579.0,750.0,4105.0,1384.0,6789.0,2239.0,3252.0,3270.0,2217.0
2021-08-03+2week,622.0,600.0,768.0,4093.0,1417.0,8952.0,2262.0,3270.0,3784.0,2209.0
2021-08-03+4week,713.0,582.0,711.0,4078.0,1529.0,7785.0,2819.0,3064.0,3159.0,2209.0
2021-08-04+1week,522.0,579.0,750.0,4105.0,1384.0,6789.0,2239.0,3252.0,3270.0,2217.0
2021-08-04+2week,622.0,600.0,768.0,4093.0,1417.0,8952.0,2262.0,3270.0,3784.0,2209.0
2021-08-04+4week,713.0,582.0,711.0,4078.0,1529.0,7785.0,2819.0,3064.0,3159.0,2209.0
2021-08-05+1week,522.0,579.0,750.0,4105.0,1384.0,6789.0,2239.0,3252.0,3270.0,2217.0
2021-08-05+2week,622.0,600.0,768.0,4093.0,1417.0,8952.0,2262.0,3270.0,3784.0,2209.0
2021-08-05+4week,713.0,582.0,711.0,4078.0,1529.0,7785.0,2819.0,3064.0,3159.0,2209.0
2021-08-06+1week,522.0,579.0,750.0,4105.0,1384.0,6789.0,2239.0,3252.0,3270.0,2217.0
2021-08-06+2week,622.0,600.0,768.0,4093.0,1417.0,8952.0,2262.0,3270.0,3784.0,2209.0
2021-08-06+4week,713.0,582.0,711.0,4078.0,1529.0,7785.0,2819.0,3064.0,3159.0,2209.0
2021-08-07+1week,522.0,579.0,750.0,4105.0,1384.0,6789.0,2239.0,3252.0,3270.0,2217.0
2021-08-07+2week,622.0,600.0,768.0,4093.0,1417.0,8952.0,2262.0,3270.0,3784.0,2209.0
2021-08-07+4week,713.0,582.0,711.0,4078.0,1529.0,7785.0,2819.0,3064.0,3159.0,2209.0
2021-08-08+1week,522.0,579.0,750.0,4105.0,1384.0,6789.0,2239.0,3252.0,3270.0,2217.0
2021-08-08+2week,622.0,600.0,768.0,4093.0,1417.0,8952.0,2262.0,3270.0,3784.0,2209.0
2021-08-08+4week,713.0,582.0,711.0,4078.0,1529.0,7785.0,2819.0,3064.0,3159.0,2209.0
2021-08-09+1week,522.0,579.0,750.0,4105.0,1384.0,6789.0,2239.0,3252.0,3270.0,2217.0
2021-08-09+2week,622.0,600.0,768.0,4093.0,1417.0,8952.0,2262.0,3270.0,3784.0,2209.0
2021-08-09+4week,713.0,582.0,711.0,4078.0,1529.0,7785.0,2819.0,3064.0,3159.0,2209.0
2021-08-10+1week,522.0,579.0,750.0,4105.0,1384.0,6789.0,2239.0,3252.0,3270.0,2217.0
2021-08-10+2week,622.0,600.0,768.0,4093.0,1417.0,8952.0,2262.0,3270.0,3784.0,2209.0
2021-08-10+4week,713.0,582.0,711.0,4078.0,1529.0,7785.0,2819.0,3064.0,3159.0,2209.0
2021-08-11+1week,522.0,579.0,750.0,4105.0,1384.0,6789.0,2239.0,3252.0,3270.0,2217.0
2021-08-11+2week,622.0,600.0,768.0,4093.0,1417.0,8952.0,2262.0,3270.0,3784.0,2209.0
2021-08-11+4week,713.0,582.0,711.0,4078.0,1529.0,7785.0,2819.0,3064.0,3159.0,2209.0
2021-08-12+1week,522.0,579.0,750.0,4105.0,1384.0,6789.0,2239.0,3252.0,3270.0,2217.0
2021-08-12+2week,622.0,600.0,768.0,4093.0,1417.0,8952.0,2262.0,3270.0,3784.0,2209.0
2021-08-12+4week,713.0,582.0,711.0,4078.0,1529.0,7785.0,2819.0,3064.0,3159.0,2209.0
2021-08-13+1week,522.0,579.0,750.0,4105.0,1384.0,6789.0,2239.0,3252.0,3270.0,2217.0
2021-08-13+2week,622.0,600.0,768.0,4093.0,1417.0,8952.0,2262.0,3270.0,3784.0,2209.0
2021-08-13+4week,713.0,582.0,711.0,4078.0,1529.0,7785.0,2819.0,3064.0,3159.0,2209.0
2021-08-14+1week,522.0,579.0,750.0,4105.0,1384.0,6789.0,2239.0,3252.0,3270.0,2217.0
2021-08-14+2week,622.0,600.0,768.0,4093.0,1417.0,8952.0,2262.0,3270.0,3784.0,2209.0
2021-08-14+4week,713.0,582.0,711.0,4078.0,1529.0,7785.0,2819.0,3064.0,3159.0,2209.0
2021-08-15+1week,522.0,579.0,750.0,4105.0,1384.0,6789.0,2239.0,3252.0,3270.0,2217.0
2021-08-15+2week,622.0,600.0,768.0,4093.0,1417.0,8952.0,2262.0,3270.0,3784.0,2209.0
2021-08-15+4week,713.0,582.0,711.0,4078.0,1529.0,7785.0,2819.0,3064.0,3159.0,2209.0
2021-08-16+1week,522.0,579.0,750.0,4105.0,1384.0,6789.0,2239.0,3252.0,3270.0,2217.0
2021-08-16+2week,622.0,600.0,768.0,4093.0,1417.0,8952.0,2262.0,3270.0,3784.0,2209.0
2021-08-16+4week,713.0,582.0,711.0,4078.0,1529.0,7785.0,2819.0,3064.0,3159.0,2209.0
2021-08-17+1week,522.0,579.0,750.0,4105.0,1384.0,6789.0,2239.0,3252.0,3270.0,2217.0
2021-08-17+2week,622.0,600.0,768.0,4093.0,1417.0,8952.0,2262.0,3270.0,3784.0,2209.0
2021-08-17+4week,713.0,582.0,711.0,4078.0,1529.0,7785.0,2819.0,3064.0,3159.0,2209.0
2021-08-18+1week,522.0,579.0,750.0,4105.0,1384.0,6789.0,2239.0,3252.0,3270.0,2217.0
2021-08-18+2week,622.0,600.0,768.0,4093.0,1417.0,8952.0,2262.0,3270.0,3784.0,2209.0
2021-08-18+4week,713.0,582.0,711.0,4078.0,1529.0,7785.0,2819.0,3064.0,3159.0,2209.0
2021-08-19+1week,522.0,579.0,750.0,4105.0,1384.0,6789.0,2239.0,3252.0,3270.0,2217.0
2021-08-19+2week,622.0,600.0,768.0,4093.0,1417.0,8952.0,2262.0,3270.0,3784.0,2209.0
2021-08-19+4week,713.0,582.0,711.0,4078.0,1529.0,7785.0,2819.0,3064.0,3159.0,2209.0
2021-08-20+1week,522.0,579.0,750.0,4105.0,1384.0,6789.0,2239.0,3252.0,3270.0,2217.0
2021-08-20+2week,622.0,600.0,768.0,4093.0,1417.0,8952.0,2262.0,3270.0,3784.0,2209.0
2021-08-20+4week,713.0,582.0,711.0,4078.0,1529.0,7785.0,2819.0,3064.0,3159.0,2209.0
2021-08-21+1week,522.0,579.0,750.0,4105.0,1384.0,6789.0,2239.0,3252.0,3270.0,2217.0
2021-08-21+2week,622.0,600.0,768.0,4093.0,1417.0,8952.0,2262.0,3270.0,3784.0,2209.0
2021-08-21+4week,713.0,582.0,711.0,4078.0,1529.0,7785.0,2819.0,3064.0,3159.0,2209.0
2021-08-22+1week,522.0,579.0,750.0,4105.0,1384.0,6789.0,2239.0,3252.0,3270.0,2217.0
2021-08-22+2week,622.0,600.0,768.0,4093.0,1417.0,8952.0,2262.0,3270.0,3784.0,2209.0
2021-08-22+4week,713.0,582.0,711.0,4078.0,1529.0,7785.0,2819.0,3064.0,3159.0,2209.0
2021-08-23+1week,522.0,579.0,750.0,4105.0,1384.0,6789.0,2239.0,3252.0,3270.0,2217.0
2021-08-23+2week,622.0,600.0,768.0,4093.0,1417.0,8952.0,2262.0,3270.0,3784.0,2209.0
2021-08-23+4week,713.0,582.0,711.0,4078.0,1529.0,7785.0,2819.0,3064.0,3159.0,2209.0
2021-08-24+1week,522.0,579.0,750.0,4105.0,1384.0,6789.0,2239.0,3252.0,3270.0,2217.0
2021-08-24+2week,622.0,600.0,768.0,4093.0,1417.0,8952.0,2262.0,3270.0,3784.0,2209.0
2021-08-24+4week,713.0,582.0,711.0,4078.0,1529.0,7785.0,2819.0,3064.0,3159.0,2209.0
2021-08-25+1week,522.0,579.0,750.0,4105.0,1384.0,6789.0,2239.0,3252.0,3270.0,2217.0
2021-08-25+2week,622.0,600.0,768.0,4093.0,1417.0,8952.0,2262.0,3270.0,3784.0,2209.0
2021-08-25+4week,713.0,582.0,711.0,4078.0,1529.0,7785.0,2819.0,3064.0,3159.0,2209.0
2021-08-26+1week,522.0,579.0,750.0,4105.0,1384.0,6789.0,2239.0,3252.0,3270.0,2217.0
2021-08-26+2week,622.0,600.0,768.0,4093.0,1417.0,8952.0,2262.0,3270.0,3784.0,2209.0
2021-08-26+4week,713.0,582.0,711.0,4078.0,1529.0,7785.0,2819.0,3064.0,3159.0,2209.0
2021-08-27+1week,522.0,579.0,750.0,4105.0,1384.0,6789.0,2239.0,3252.0,3270.0,2217.0
2021-08-27+2week,622.0,600.0,768.0,4093.0,1417.0,8952.0,2262.0,3270.0,3784.0,2209.0
2021-08-27+4week,713.0,582.0,711.0,4078.0,1529.0,7785.0,2819.0,3064.0,3159.0,2209.0
2021-08-28+1week,522.0,579.0,750.0,4105.0,1384.0,6789.0,2239.0,3252.0,3270.0,2217.0
2021-08-28+2week,622.0,600.0,768.0,4093.0,1417.0,8952.0,2262.0,3270.0,3784.0,2209.0
2021-08-28+4week,713.0,582.0,711.0,4078.0,1529.0,7785.0,2819.0,3064.0,3159.0,2209.0
2021-08-29+1week,522.0,579.0,750.0,4105.0,1384.0,6789.0,2239.0,3252.0,3270.0,2217.0
2021-08-29+2week,622.0,600.0,768.0,4093.0,1417.0,8952.0,2262.0,3270.0,3784.0,2209.0
2021-08-29+4week,713.0,582.0,711.0,4078.0,1529.0,7785.0,2819.0,3064.0,3159.0,2209.0
2021-08-30+1week,522.0,579.0,750.0,4105.0,1384.0,6789.0,2239.0,3252.0,3270.0,2217.0
2021-08-30+2week,622.0,600.0,768.0,4093.0,1417.0,8952.0,2262.0,3270.0,3784.0,2209.0
2021-08-30+4week,713.0,582.0,711.0,4078.0,1529.0,7785.0,2819.0,3064.0,3159.0,2209.0
2021-08-31+1week,522.0,579.0,750.0,4105.0,1384.0,6789.0,2239.0,3252.0,3270.0,2217.0
2021-08-31+2week,622.0,600.0,768.0,4093.0,1417.0,8952.0,2262.0,3270.0,3784.0,2209.0
2021-08-31+4week,713.0,582.0,711.0,4078.0,1529.0,7785.0,2819.0,3064.0,3159.0,2209.0
2021-09-01+1week,522.0,579.0,750.0,4105.0,1384.0,6789.0,2239.0,3252.0,3270.0,2217.0
2021-09-01+2week,622.0,600.0,768.0,4093.0,1417.0,8952.0,2262.0,3270.0,3784.0,2209.0
2021-09-01+4week,713.0,582.0,711.0,4078.0,1529.0,7785.0,2819.0,3064.0,3159.0,2209.0
2021-09-02+1week,522.0,579.0,750.0,4105.0,1384.0,6789.0,2239.0,3252.0,3270.0,2217.0
2021-09-02+2week,622.0,600.0,768.0,4093.0,1417.0,8952.0,2262.0,3270.0,3784.0,2209.0
2021-09-02+4week,713.0,582.0,711.0,4078.0,1529.0,7785.0,2819.0,3064.0,3159.0,2209.0
2021-09-03+1week,522.0,579.0,750.0,4105.0,1384.0,6789.0,2239.0,3252.0,3270.0,2217.0
2021-09-03+2week,622.0,600.0,768.0,4093.0,1417.0,8952.0,2262.0,3270.0,3784.0,2209.0
2021-09-03+4week,713.0,582.0,711.0,4078.0,1529.0,7785.0,2819.0,3064.0,3159.0,2209.0
2021-09-04+1week,522.0,579.0,750.0,4105.0,1384.0,6789.0,2239.0,3252.0,3270.0,2217.0
2021-09-04+2week,622.0,600.0,768.0,4093.0,1417.0,8952.0,2262.0,3270.0,3784.0,2209.0
2021-09-04+4week,713.0,582.0,711.0,4078.0,1529.0,7785.0,2819.0,3064.0,3159.0,2209.0
2021-09-05+1week,522.0,579.0,750.0,4105.0,1384.0,6789.0,2239.0,3252.0,3270.0,2217.0
2021-09-05+2week,622.0,600.0,768.0,4093.0,1417.0,8952.0,2262.0,3270.0,3784.0,2209.0
2021-09-05+4week,713.0,582.0,711.0,4078.0,1529.0,7785.0,2819.0,3064.0,3159.0,2209.0
2021-09-06+1week,522.0,579.0,750.0,4105.0,1384.0,6789.0,2239.0,3252.0,3270.0,2217.0
2021-09-06+2week,622.0,600.0,768.0,4093.0,1417.0,8952.0,2262.0,3270.0,3784.0,2209.0
2021-09-06+4week,713.0,582.0,711.0,4078.0,1529.0,7785.0,2819.0,3064.0,3159.0,2209.0
2021-09-07+1week,522.0,579.0,750.0,4105.0,1384.0,6789.0,2239.0,3252.0,3270.0,2217.0
2021-09-07+2week,622.0,600.0,768.0,4093.0,1417.0,8952.0,2262.0,3270.0,3784.0,2209.0
2021-09-07+4week,713.0,582.0,711.0,4078.0,1529.0,7785.0,2819.0,3064.0,3159.0,2209.0
2021-09-08+1week,522.0,579.0,750.0,4105.0,1384.0,6789.0,2239.0,3252.0,3270.0,2217.0
2021-09-08+2week,622.0,600.0,768.0,4093.0,1417.0,8952.0,2262.0,3270.0,3784.0,2209.0
2021-09-08+4week,713.0,582.0,711.0,4078.0,1529.0,7785.0,2819.0,3064.0,3159.0,2209.0
2021-09-09+1week,522.0,579.0,750.0,4105.0,1384.0,6789.0,2239.0,3252.0,3270.0,2217.0
2021-09-09+2week,622.0,600.0,768.0,4093.0,1417.0,8952.0,2262.0,3270.0,3784.0,2209.0
2021-09-09+4week,713.0,582.0,711.0,4078.0,1529.0,7785.0,2819.0,3064.0,3159.0,2209.0
2021-09-10+1week,522.0,579.0,750.0,4105.0,1384.0,6789.0,2239.0,3252.0,3270.0,2217.0
2021-09-10+2week,622.0,600.0,768.0,4093.0,1417.0,8952.0,2262.0,3270.0,3784.0,2209.0
2021-09-10+4week,713.0,582.0,711.0,4078.0,1529.0,7785.0,2819.0,3064.0,3159.0,2209.0
2021-09-11+1week,522.0,579.0,750.0,4105.0,1384.0,6789.0,2239.0,3252.0,3270.0,2217.0
2021-09-11+2week,622.0,600.0,768.0,4093.0,1417.0,8952.0,2262.0,3270.0,3784.0,2209.0
2021-09-11+4week,713.0,582.0,711.0,4078.0,1529.0,7785.0,2819.0,3064.0,3159.0,2209.0
2021-09-12+1week,522.0,579.0,750.0,4105.0,1384.0,6789.0,2239.0,3252.0,3270.0,2217.0
2021-09-12+2week,622.0,600.0,768.0,4093.0,1417.0,8952.0,2262.0,3270.0,3784.0,2209.0
2021-09-12+4week,713.0,582.0,711.0,4078.0,1529.0,7785.0,2819.0,3064.0,3159.0,2209.0
2021-09-13+1week,522.0,579.0,750.0,4105.0,1384.0,6789.0,2239.0,3252.0,3270.0,2217.0
2021-09-13+2week,622.0,600.0,768.0,4093.0,1417.0,8952.0,2262.0,3270.0,3784.0,2209.0
2021-09-13+4week,713.0,582.0,711.0,4078.0,1529.0,7785.0,2819.0,3064.0,3159.0,2209.0
2021-09-14+1week,522.0,579.0,750.0,4105.0,1384.0,6789.0,2239.0,3252.0,3270.0,2217.0
2021-09-14+2week,622.0,600.0,768.0,4093.0,1417.0,8952.0,2262.0,3270.0,3784.0,2209.0
2021-09-14+4week,713.0,582.0,711.0,4078.0,1529.0,7785.0,2819.0,3064.0,3159.0,2209.0
2021-09-15+1week,522.0,579.0,750.0,4105.0,1384.0,6789.0,2239.0,3252.0,3270.0,2217.0
2021-09-15+2week,622.0,600.0,768.0,4093.0,1417.0,8952.0,2262.0,3270.0,3784.0,2209.0
2021-09-15+4week,713.0,582.0,711.0,4078.0,1529.0,7785.0,2819.0,3064.0,3159.0,2209.0
2021-09-16+1week,522.0,579.0,750.0,4105.0,1384.0,6789.0,2239.0,3252.0,3270.0,2217.0
2021-09-16+2week,622.0,600.0,768.0,4093.0,1417.0,8952.0,2262.0,3270.0,3784.0,2209.0
2021-09-16+4week,713.0,582.0,711.0,4078.0,1529.0,7785.0,2819.0,3064.0,3159.0,2209.0
2021-09-17+1week,522.0,579.0,750.0,4105.0,1384.0,6789.0,2239.0,3252.0,3270.0,2217.0
2021-09-17+2week,622.0,600.0,768.0,4093.0,1417.0,8952.0,2262.0,3270.0,3784.0,2209.0
2021-09-17+4week,713.0,582.0,711.0,4078.0,1529.0,7785.0,2819.0,3064.0,3159.0,2209.0
2021-09-18+1week,522.0,579.0,750.0,4105.0,1384.0,6789.0,2239.0,3252.0,3270.0,2217.0
2021-09-18+2week,622.0,600.0,768.0,4093.0,1417.0,8952.0,2262.0,3270.0,3784.0,2209.0
2021-09-18+4week,713.0,582.0,711.0,4078.0,1529.0,7785.0,2819.0,3064.0,3159.0,2209.0
2021-09-19+1week,522.0,579.0,750.0,4105.0,1384.0,6789.0,2239.0,3252.0,3270.0,2217.0
2021-09-19+2week,622.0,600.0,768.0,4093.0,1417.0,8952.0,2262.0,3270.0,3784.0,2209.0
2021-09-19+4week,713.0,582.0,711.0,4078.0,1529.0,7785.0,2819.0,3064.0,3159.0,2209.0
2021-09-20+1week,522.0,579.0,750.0,4105.0,1384.0,6789.0,2239.0,3252.0,3270.0,2217.0
2021-09-20+2week,622.0,600.0,768.0,4093.0,1417.0,8952.0,2262.0,3270.0,3784.0,2209.0
2021-09-20+4week,713.0,582.0,711.0,4078.0,1529.0,7785.0,2819.0,3064.0,3159.0,2209.0
2021-09-21+1week,522.0,579.0,750.0,4105.0,1384.0,6789.0,2239.0,3252.0,3270.0,2217.0
2021-09-21+2week,622.0,600.0,768.0,4093.0,1417.0,8952.0,2262.0,3270.0,3784.0,2209.0
2021-09-21+4week,713.0,582.0,711.0,4078.0,1529.0,7785.0,2819.0,3064.0,3159.0,2209.0
2021-09-22+1week,522.0,579.0,750.0,4105.0,1384.0,6789.0,2239.0,3252.0,3270.0,2217.0
2021-09-22+2week,622.0,600.0,768.0,4093.0,1417.0,8952.0,2262.0,3270.0,3784.0,2209.0
2021-09-22+4week,713.0,582.0,711.0,4078.0,1529.0,7785.0,2819.0,3064.0,3159.0,2209.0
2021-09-23+1week,522.0,579.0,750.0,4105.0,1384.0,6789.0,2239.0,3252.0,3270.0,2217.0
2021-09-23+2week,622.0,600.0,768.0,4093.0,1417.0,8952.0,2262.0,3270.0,3784.0,2209.0
2021-09-23+4week,713.0,582.0,711.0,4078.0,1529.0,7785.0,2819.0,3064.0,3159.0,2209.0
2021-09-24+1week,522.0,579.0,750.0,4105.0,1384.0,6789.0,2239.0,3252.0,3270.0,2217.0
2021-09-24+2week,622.0,600.0,768.0,4093.0,1417.0,8952.0,2262.0,3270.0,3784.0,2209.0
2021-09-24+4week,713.0,582.0,711.0,4078.0,1529.0,7785.0,2819.0,3064.0,3159.0,2209.0
2021-09-25+1week,522.0,579.0,750.0,4105.0,1384.0,6789.0,2239.0,3252.0,3270.0,2217.0
2021-09-25+2week,622.0,600.0,768.0,4093.0,1417.0,8952.0,2262.0,3270.0,3784.0,2209.0
2021-09-25+4week,713.0,582.0,711.0,4078.0,1529.0,7785.0,2819.0,3064.0,3159.0,2209.0
2021-09-26+1week,522.0,579.0,750.0,4105.0,1384.0,6789.0,2239.0,3252.0,3270.0,2217.0
2021-09-26+2week,622.0,600.0,768.0,4093.0,1417.0,8952.0,2262.0,3270.0,3784.0,2209.0
2021-09-26+4week,713.0,582.0,711.0,4078.0,1529.0,7785.0,2819.0,3064.0,3159.0,2209.0
2021-09-27+1week,522.0,579.0,750.0,4105.0,1384.0,6789.0,2239.0,3252.0,3270.0,2217.0
2021-09-27+2week,622.0,600.0,768.0,4093.0,1417.0,8952.0,2262.0,3270.0,3784.0,2209.0
2021-09-27+4week,713.0,582.0,711.0,4078.0,1529.0,7785.0,2819.0,3064.0,3159.0,2209.0
2021-09-28+1week,522.0,579.0,750.0,4105.0,1384.0,6789.0,2239.0,3252.0,3270.0,2217.0
2021-09-28+2week,622.0,600.0,768.0,4093.0,1417.0,8952.0,2262.0,3270.0,3784.0,2209.0
2021-09-28+4week,713.0,582.0,711.0,4078.0,1529.0,7785.0,2819.0,3064.0,3159.0,2209.0
2021-09-29+1week,522.0,579.0,750.0,4105.0,1384.0,6789.0,2239.0,3252.0,3270.0,2217.0
2021-09-29+2week,622.0,600.0,768.0,4093.0,1417.0,8952.0,2262.0,3270.0,3784.0,2209.0
2021-09-29+4week,713.0,582.0,711.0,4078.0,1529.0,7785.0,2819.0,3064.0,3159.0,2209.0
2021-09-30+1week,522.0,579.0,750.0,4105.0,1384.0,6789.0,2239.0,3252.0,3270.0,2217.0
2021-09-30+2week,622.0,600.0,768.0,4093.0,1417.0,8952.0,2262.0,3270.0,3784.0,2209.0
2021-09-30+4week,713.0,582.0,711.0,4078.0,1529.0,7785.0,2819.0,3064.0,3159.0,2209.0
2021-10-01+1week,522.0,579.0,750.0,4105.0,1384.0,6789.0,2239.0,3252.0,3270.0,2217.0
2021-10-01+2week,622.0,600.0,768.0,4093.0,1417.0,8952.0,2262.0,3270.0,3784.0,2209.0
2021-10-01+4week,713.0,582.0,711.0,4078.0,1529.0,7785.0,2819.0,3064.0,3159.0,2209.0
2021-10-02+1week,522.0,579.0,750.0,4105.0,1384.0,6789.0,2239.0,3252.0,3270.0,2217.0
2021-10-02+2week,622.0,600.0,768.0,4093.0,1417.0,8952.0,2262.0,3270.0,3784.0,2209.0
2021-10-02+4week,713.0,582.0,711.0,4078.0,1529.0,7785.0,2819.0,3064.0,3159.0,2209.0
2021-10-03+1week,522.0,579.0,750.0,4105.0,1384.0,6789.0,2239.0,3252.0,3270.0,2217.0
2021-10-03+2week,622.0,600.0,768.0,4093.0,1417.0,8952.0,2262.0,3270.0,3784.0,2209.0
2021-10-03+4week,713.0,582.0,711.0,4078.0,1529.0,7785.0,2819.0,3064.0,3159.0,2209.0
2021-10-04+1week,522.0,579.0,750.0,4105.0,1384.0,6789.0,2239.0,3252.0,3270.0,2217.0
2021-10-04+2week,622.0,600.0,768.0,4093.0,1417.0,8952.0,2262.0,3270.0,3784.0,2209.0
2021-10-04+4week,713.0,582.0,711.0,4078.0,1529.0,7785.0,2819.0,3064.0,3159.0,2209.0
2021-10-05+1week,522.0,579.0,750.0,4105.0,1384.0,6789.0,2239.0,3252.0,3270.0,2217.0
2021-10-05+2week,622.0,600.0,768.0,4093.0,1417.0,8952.0,2262.0,3270.0,3784.0,2209.0
2021-10-05+4week,713.0,582.0,711.0,4078.0,1529.0,7785.0,2819.0,3064.0,3159.0,2209.0
2021-10-06+1week,522.0,579.0,750.0,4105.0,1384.0,6789.0,2239.0,3252.0,3270.0,2217.0
2021-10-06+2week,622.0,600.0,768.0,4093.0,1417.0,8952.0,2262.0,3270.0,3784.0,2209.0
2021-10-06+4week,713.0,582.0,711.0,4078.0,1529.0,7785.0,2819.0,3064.0,3159.0,2209.0
2021-10-07+1week,522.0,579.0,750.0,4105.0,1384.0,6789.0,2239.0,3252.0,3270.0,2217.0
2021-10-07+2week,622.0,600.0,768.0,4093.0,1417.0,8952.0,2262.0,3270.0,3784.0,2209.0
2021-10-07+4week,713.0,582.0,711.0,4078.0,1529.0,7785.0,2819.0,3064.0,3159.0,2209.0
2021-10-08+1week,522.0,579.0,750.0,4105.0,1384.0,6789.0,2239.0,3252.0,3270.0,2217.0
2021-10-08+2week,622.0,600.0,768.0,4093.0,1417.0,8952.0,2262.0,3270.0,3784.0,2209.0
2021-10-08+4week,713.0,582.0,711.0,4078.0,1529.0,7785.0,2819.0,3064.0,3159.0,2209.0
2021-10-09+1week,522.0,579.0,750.0,4105.0,1384.0,6789.0,2239.0,3252.0,3270.0,2217.0
2021-10-09+2week,622.0,600.0,768.0,4093.0,1417.0,8952.0,2262.0,3270.0,3784.0,2209.0
2021-10-09+4week,713.0,582.0,711.0,4078.0,1529.0,7785.0,2819.0,3064.0,3159.0,2209.0
2021-10-10+1week,522.0,579.0,750.0,4105.0,1384.0,6789.0,2239.0,3252.0,3270.0,2217.0
2021-10-10+2week,622.0,600.0,768.0,4093.0,1417.0,8952.0,2262.0,3270.0,3784.0,2209.0
2021-10-10+4week,713.0,582.0,711.0,4078.0,1529.0,7785.0,2819.0,3064.0,3159.0,2209.0
2021-10-11+1week,522.0,579.0,750.0,4105.0,1384.0,6789.0,2239.0,3252.0,3270.0,2217.0
2021-10-11+2week,622.0,600.0,768.0,4093.0,1417.0,8952.0,2262.0,3270.0,3784.0,2209.0
2021-10-11+4week,713.0,582.0,711.0,4078.0,1529.0,7785.0,2819.0,3064.0,3159.0,2209.0
2021-10-12+1week,522.0,579.0,750.0,4105.0,1384.0,6789.0,2239.0,3252.0,3270.0,2217.0
2021-10-12+2week,622.0,600.0,768.0,4093.0,1417.0,8952.0,2262.0,3270.0,3784.0,2209.0
2021-10-12+4week,713.0,582.0,711.0,4078.0,1529.0,7785.0,2819.0,3064.0,3159.0,2209.0
2021-10-13+1week,522.0,579.0,750.0,4105.0,1384.0,6789.0,2239.0,3252.0,3270.0,2217.0
2021-10-13+2week,622.0,600.0,768.0,4093.0,1417.0,8952.0,2262.0,3270.0,3784.0,2209.0
2021-10-13+4week,713.0,582.0,711.0,4078.0,1529.0,7785.0,2819.0,3064.0,3159.0,2209.0
2021-10-14+1week,522.0,579.0,750.0,4105.0,1384.0,6789.0,2239.0,3252.0,3270.0,2217.0
2021-10-14+2week,622.0,600.0,768.0,4093.0,1417.0,8952.0,2262.0,3270.0,3784.0,2209.0
2021-10-14+4week,713.0,582.0,711.0,4078.0,1529.0,7785.0,2819.0,3064.0,3159.0,2209.0
2021-10-15+1week,522.0,579.0,750.0,4105.0,1384.0,6789.0,2239.0,3252.0,3270.0,2217.0
2021-10-15+2week,622.0,600.0,768.0,4093.0,1417.0,8952.0,2262.0,3270.0,3784.0,2209.0
2021-10-15+4week,713.0,582.0,711.0,4078.0,1529.0,7785.0,2819.0,3064.0,3159.0,2209.0
2021-10-16+1week,522.0,579.0,750.0,4105.0,1384.0,6789.0,2239.0,3252.0,3270.0,2217.0
2021-10-16+2week,622.0,600.0,768.0,4093.0,1417.0,8952.0,2262.0,3270.0,3784.0,2209.0
2021-10-16+4week,713.0,582.0,711.0,4078.0,1529.0,7785.0,2819.0,3064.0,3159.0,2209.0
2021-10-17+1week,522.0,579.0,750.0,4105.0,1384.0,6789.0,2239.0,3252.0,3270.0,2217.0
2021-10-17+2week,622.0,600.0,768.0,4093.0,1417.0,8952.0,2262.0,3270.0,3784.0,2209.0
2021-10-17+4week,713.0,582.0,711.0,4078.0,1529.0,7785.0,2819.0,3064.0,3159.0,2209.0
2021-10-18+1week,522.0,579.0,750.0,4105.0,1384.0,6789.0,2239.0,3252.0,3270.0,2217.0
2021-10-18+2week,622.0,600.0,768.0,4093.0,1417.0,8952.0,2262.0,3270.0,3784.0,2209.0
2021-10-18+4week,713.0,582.0,711.0,4078.0,1529.0,7785.0,2819.0,3064.0,3159.0,2209.0
2021-10-19+1week,522.0,579.0,750.0,4105.0,1384.0,6789.0,2239.0,3252.0,3270.0,2217.0
2021-10-19+2week,622.0,600.0,768.0,4093.0,1417.0,8952.0,2262.0,3270.0,3784.0,2209.0
2021-10-19+4week,713.0,582.0,711.0,4078.0,1529.0,7785.0,2819.0,3064.0,3159.0,2209.0
2021-10-20+1week,522.0,579.0,750.0,4105.0,1384.0,6789.0,2239.0,3252.0,3270.0,2217.0
2021-10-20+2week,622.0,600.0,768.0,4093.0,1417.0,8952.0,2262.0,3270.0,3784.0,2209.0
2021-10-20+4week,713.0,582.0,711.0,4078.0,1529.0,7785.0,2819.0,3064.0,3159.0,2209.0
2021-10-21+1week,522.0,579.0,750.0,4105.0,1384.0,6789.0,2239.0,3252.0,3270.0,2217.0
2021-10-21+2week,622.0,600.0,768.0,4093.0,1417.0,8952.0,2262.0,3270.0,3784.0,2209.0
2021-10-21+4week,713.0,582.0,711.0,4078.0,1529.0,7785.0,2819.0,3064.0,3159.0,2209.0
2021-10-22+1week,522.0,579.0,750.0,4105.0,1384.0,6789.0,2239.0,3252.0,3270.0,2217.0
2021-10-22+2week,622.0,600.0,768.0,4093.0,1417.0,8952.0,2262.0,3270.0,3784.0,2209.0
2021-10-22+4week,713.0,582.0,711.0,4078.0,1529.0,7785.0,2819.0,3064.0,3159.0,2209.0
2021-10-23+1week,522.0,579.0,750.0,4105.0,1384.0,6789.0,2239.0,3252.0,3270.0,2217.0
2021-10-23+2week,622.0,600.0,768.0,4093.0,1417.0,8952.0,2262.0,3270.0,3784.0,2209.0
2021-10-23+4week,713.0,582.0,711.0,4078.0,1529.0,7785.0,2819.0,3064.0,3159.0,2209.0
2021-10-24+1week,522.0,579.0,750.0,4105.0,1384.0,6789.0,2239.0,3252.0,3270.0,2217.0
2021-10-24+2week,622.0,600.0,768.0,4093.0,1417.0,8952.0,2262.0,3270.0,3784.0,2209.0
2021-10-24+4week,713.0,582.0,711.0,4078.0,1529.0,7785.0,2819.0,3064.0,3159.0,2209.0
2021-10-25+1week,522.0,579.0,750.0,4105.0,1384.0,6789.0,2239.0,3252.0,3270.0,2217.0
2021-10-25+2week,622.0,600.0,768.0,4093.0,1417.0,8952.0,2262.0,3270.0,3784.0,2209.0
2021-10-25+4week,713.0,582.0,711.0,4078.0,1529.0,7785.0,2819.0,3064.0,3159.0,2209.0
2021-10-26+1week,522.0,579.0,750.0,4105.0,1384.0,6789.0,2239.0,3252.0,3270.0,2217.0
2021-10-26+2week,622.0,600.0,768.0,4093.0,1417.0,8952.0,2262.0,3270.0,3784.0,2209.0
2021-10-26+4week,713.0,582.0,711.0,4078.0,1529.0,7785.0,2819.0,3064.0,3159.0,2209.0
2021-10-27+1week,522.0,579.0,750.0,4105.0,1384.0,6789.0,2239.0,3252.0,3270.0,2217.0
2021-10-27+2week,622.0,600.0,768.0,4093.0,1417.0,8952.0,2262.0,3270.0,3784.0,2209.0
2021-10-27+4week,713.0,582.0,711.0,4078.0,1529.0,7785.0,2819.0,3064.0,3159.0,2209.0
2021-10-28+1week,522.0,579.0,750.0,4105.0,1384.0,6789.0,2239.0,3252.0,3270.0,2217.0
2021-10-28+2week,622.0,600.0,768.0,4093.0,1417.0,8952.0,2262.0,3270.0,3784.0,2209.0
2021-10-28+4week,713.0,582.0,711.0,4078.0,1529.0,7785.0,2819.0,3064.0,3159.0,2209.0
2021-10-29+1week,522.0,579.0,750.0,4105.0,1384.0,6789.0,2239.0,3252.0,3270.0,2217.0
2021-10-29+2week,622.0,600.0,768.0,4093.0,1417.0,8952.0,2262.0,3270.0,3784.0,2209.0
2021-10-29+4week,713.0,582.0,711.0,4078.0,1529.0,7785.0,2819.0,3064.0,3159.0,2209.0
2021-10-30+1week,522.0,579.0,750.0,4105.0,1384.0,6789.0,2239.0,3252.0,3270.0,2217.0
2021-10-30+2week,622.0,600.0,768.0,4093.0,1417.0,8952.0,2262.0,3270.0,3784.0,2209.0
2021-10-30+4week,713.0,582.0,711.0,4078.0,1529.0,7785.0,2819.0,3064.0,3159.0,2209.0
2021-10-31+1week,522.0,579.0,750.0,4105.0,1384.0,6789.0,2239.0,3252.0,3270.0,2217.0
2021-10-31+2week,622.0,600.0,768.0,4093.0,1417.0,8952.0,2262.0,3270.0,3784.0,2209.0
2021-10-31+4week,713.0,582.0,711.0,4078.0,1529.0,7785.0,2819.0,3064.0,3159.0,2209.0
2021-11-01+1week,522.0,579.0,750.0,4105.0,1384.0,6789.0,2239.0,3252.0,3270.0,2217.0
2021-11-01+2week,622.0,600.0,768.0,4093.0,1417.0,8952.0,2262.0,3270.0,3784.0,2209.0
2021-11-01+4week,713.0,582.0,711.0,4078.0,1529.0,7785.0,2819.0,3064.0,3159.0,2209.0
2021-11-02+1week,522.0,579.0,750.0,4105.0,1384.0,6789.0,2239.0,3252.0,3270.0,2217.0
2021-11-02+2week,622.0,600.0,768.0,4093.0,1417.0,8952.0,2262.0,3270.0,3784.0,2209.0
2021-11-02+4week,713.0,582.0,711.0,4078.0,1529.0,7785.0,2819.0,3064.0,3159.0,2209.0
2021-11-03+1week,522.0,579.0,750.0,4105.0,1384.0,6789.0,2239.0,3252.0,3270.0,2217.0
2021-11-03+2week,622.0,600.0,768.0,4093.0,1417.0,8952.0,2262.0,3270.0,3784.0,2209.0
2021-11-03+4week,713.0,582.0,711.0,4078.0,1529.0,7785.0,2819.0,3064.0,3159.0,2209.0
2021-11-04+1week,522.0,579.0,750.0,4105.0,1384.0,6789.0,2239.0,3252.0,3270.0,2217.0
2021-11-04+2week,622.0,600.0,768.0,4093.0,1417.0,8952.0,2262.0,3270.0,3784.0,2209.0
2021-11-04+4week,713.0,582.0,711.0,4078.0,1529.0,7785.0,2819.0,3064.0,3159.0,2209.0
2021-11-05+1week,522.0,579.0,750.0,4105.0,1384.0,6789.0,2239.0,3252.0,3270.0,2217.0
2021-11-05+2week,622.0,600.0,768.0,4093.0,1417.0,8952.0,2262.0,3270.0,3784.0,2209.0
2021-11-05+4week,713.0,582.0,711.0,4078.0,1529.0,7785.0,2819.0,3064.0,3159.0,2209.0
2021-11-06+1week,522.0,579.0,750.0,4105.0,1384.0,6789.0,2239.0,3252.0,3270.0,2217.0
2021-11-06+2week,622.0,600.0,768.0,4093.0,1417.0,8952.0,2262.0,3270.0,3784.0,2209.0
2021-11-06+4week,713.0,582.0,711.0,4078.0,1529.0,7785.0,2819.0,3064.0,3159.0,2209.0
2021-11-07+1week,522.0,579.0,750.0,4105.0,1384.0,6789.0,2239.0,3252.0,3270.0,2217.0
2021-11-07+2week,622.0,600.0,768.0,4093.0,1417.0,8952.0,2262.0,3270.0,3784.0,2209.0
2021-11-07+4week,713.0,582.0,711.0,4078.0,1529.0,7785.0,2819.0,3064.0,3159.0,2209.0
2021-11-08+1week,522.0,579.0,750.0,4105.0,1384.0,6789.0,2239.0,3252.0,3270.0,2217.0
2021-11-08+2week,622.0,600.0,768.0,4093.0,1417.0,8952.0,2262.0,3270.0,3784.0,2209.0
2021-11-08+4week,713.0,582.0,711.0,4078.0,1529.0,7785.0,2819.0,3064.0,3159.0,2209.0
2021-11-09+1week,522.0,579.0,750.0,4105.0,1384.0,6789.0,2239.0,3252.0,3270.0,2217.0
2021-11-09+2week,622.0,600.0,768.0,4093.0,1417.0,8952.0,2262.0,3270.0,3784.0,2209.0
2021-11-09+4week,713.0,582.0,711.0,4078.0,1529.0,7785.0,2819.0,3064.0,3159.0,2209.0
2021-11-10+1week,522.0,579.0,750.0,4105.0,1384.0,6789.0,2239.0,3252.0,3270.0,2217.0
2021-11-10+2week,622.0,600.0,768.0,4093.0,1417.0,8952.0,2262.0,3270.0,3784.0,2209.0
2021-11-10+4week,713.0,582.0,711.0,4078.0,1529.0,7785.0,2819.0,3064.0,3159.0,2209.0
2021-11-11+1week,522.0,579.0,750.0,4105.0,1384.0,6789.0,2239.0,3252.0,3270.0,2217.0
2021-11-11+2week,622.0,600.0,768.0,4093.0,1417.0,8952.0,2262.0,3270.0,3784.0,2209.0
2021-11-11+4week,713.0,582.0,711.0,4078.0,1529.0,7785.0,2819.0,3064.0,3159.0,2209.0
2021-11-12+1week,522.0,579.0,750.0,4105.0,1384.0,6789.0,2239.0,3252.0,3270.0,2217.0
2021-11-12+2week,622.0,600.0,768.0,4093.0,1417.0,8952.0,2262.0,3270.0,3784.0,2209.0
2021-11-12+4week,713.0,582.0,711.0,4078.0,1529.0,7785.0,2819.0,3064.0,3159.0,2209.0
2021-11-13+1week,522.0,579.0,750.0,4105.0,1384.0,6789.0,2239.0,3252.0,3270.0,2217.0
2021-11-13+2week,622.0,600.0,768.0,4093.0,1417.0,8952.0,2262.0,3270.0,3784.0,2209.0
2021-11-13+4week,713.0,582.0,711.0,4078.0,1529.0,7785.0,2819.0,3064.0,3159.0,2209.0
2021-11-14+1week,522.0,579.0,750.0,4105.0,1384.0,6789.0,2239.0,3252.0,3270.0,2217.0
2021-11-14+2week,622.0,600.0,768.0,4093.0,1417.0,8952.0,2262.0,3270.0,3784.0,2209.0
2021-11-14+4week,713.0,582.0,711.0,4078.0,1529.0,7785.0,2819.0,3064.0,3159.0,2209.0
2021-11-15+1week,522.0,579.0,750.0,4105.0,1384.0,6789.0,2239.0,3252.0,3270.0,2217.0
2021-11-15+2week,622.0,600.0,768.0,4093.0,1417.0,8952.0,2262.0,3270.0,3784.0,2209.0
2021-11-15+4week,713.0,582.0,711.0,4078.0,1529.0,7785.0,2819.0,3064.0,3159.0,2209.0
2021-11-16+1week,522.0,579.0,750.0,4105.0,1384.0,6789.0,2239.0,3252.0,3270.0,2217.0
2021-11-16+2week,622.0,600.0,768.0,4093.0,1417.0,8952.0,2262.0,3270.0,3784.0,2209.0
2021-11-16+4week,713.0,582.0,711.0,4078.0,1529.0,7785.0,2819.0,3064.0,3159.0,2209.0
2021-11-17+1week,522.0,579.0,750.0,4105.0,1384.0,6789.0,2239.0,3252.0,3270.0,2217.0
2021-11-17+2week,622.0,600.0,768.0,4093.0,1417.0,8952.0,2262.0,3270.0,3784.0,2209.0
2021-11-17+4week,713.0,582.0,711.0,4078.0,1529.0,7785.0,2819.0,3064.0,3159.0,2209.0
2021-11-18+1week,522.0,579.0,750.0,4105.0,1384.0,6789.0,2239.0,3252.0,3270.0,2217.0
2021-11-18+2week,622.0,600.0,768.0,4093.0,1417.0,8952.0,2262.0,3270.0,3784.0,2209.0
2021-11-18+4week,713.0,582.0,711.0,4078.0,1529.0,7785.0,2819.0,3064.0,3159.0,2209.0
2021-11-19+1week,522.0,579.0,750.0,4105.0,1384.0,6789.0,2239.0,3252.0,3270.0,2217.0
2021-11-19+2week,622.0,600.0,768.0,4093.0,1417.0,8952.0,2262.0,3270.0,3784.0,2209.0
2021-11-19+4week,713.0,582.0,711.0,4078.0,1529.0,7785.0,2819.0,3064.0,3159.0,2209.0
2021-11-20+1week,522.0,579.0,750.0,4105.0,1384.0,6789.0,2239.0,3252.0,3270.0,2217.0
2021-11-20+2week,622.0,600.0,768.0,4093.0,1417.0,8952.0,2262.0,3270.0,3784.0,2209.0
2021-11-20+4week,713.0,582.0,711.0,4078.0,1529.0,7785.0,2819.0,3064.0,3159.0,2209.0
2021-11-21+1week,522.0,579.0,750.0,4105.0,1384.0,6789.0,2239.0,3252.0,3270.0,2217.0
2021-11-21+2week,622.0,600.0,768.0,4093.0,1417.0,8952.0,2262.0,3270.0,3784.0,2209.0
2021-11-21+4week,713.0,582.0,711.0,4078.0,1529.0,7785.0,2819.0,3064.0,3159.0,2209.0
2021-11-22+1week,522.0,579.0,750.0,4105.0,1384.0,6789.0,2239.0,3252.0,3270.0,2217.0
2021-11-22+2week,622.0,600.0,768.0,4093.0,1417.0,8952.0,2262.0,3270.0,3784.0,2209.0
2021-11-22+4week,713.0,582.0,711.0,4078.0,1529.0,7785.0,2819.0,3064.0,3159.0,2209.0
2021-11-23+1week,522.0,579.0,750.0,4105.0,1384.0,6789.0,2239.0,3252.0,3270.0,2217.0
2021-11-23+2week,622.0,600.0,768.0,4093.0,1417.0,8952.0,2262.0,3270.0,3784.0,2209.0
2021-11-23+4week,713.0,582.0,711.0,4078.0,1529.0,7785.0,2819.0,3064.0,3159.0,2209.0
2021-11-24+1week,522.0,579.0,750.0,4105.0,1384.0,6789.0,2239.0,3252.0,3270.0,2217.0
2021-11-24+2week,622.0,600.0,768.0,4093.0,1417.0,8952.0,2262.0,3270.0,3784.0,2209.0
2021-11-24+4week,713.0,582.0,711.0,4078.0,1529.0,7785.0,2819.0,3064.0,3159.0,2209.0
2021-11-25+1week,522.0,579.0,750.0,4105.0,1384.0,6789.0,2239.0,3252.0,3270.0,2217.0
2021-11-25+2week,622.0,600.0,768.0,4093.0,1417.0,8952.0,2262.0,3270.0,3784.0,2209.0
2021-11-25+4week,713.0,582.0,711.0,4078.0,1529.0,7785.0,2819.0,3064.0,3159.0,2209.0
2021-11-26+1week,522.0,579.0,750.0,4105.0,1384.0,6789.0,2239.0,3252.0,3270.0,2217.0
2021-11-26+2week,622.0,600.0,768.0,4093.0,1417.0,8952.0,2262.0,3270.0,3784.0,2209.0
2021-11-26+4week,713.0,582.0,711.0,4078.0,1529.0,7785.0,2819.0,3064.0,3159.0,2209.0
2021-11-27+1week,522.0,579.0,750.0,4105.0,1384.0,6789.0,2239.0,3252.0,3270.0,2217.0
2021-11-27+2week,622.0,600.0,768.0,4093.0,1417.0,8952.0,2262.0,3270.0,3784.0,2209.0
2021-11-27+4week,713.0,582.0,711.0,4078.0,1529.0,7785.0,2819.0,3064.0,3159.0,2209.0
2021-11-28+1week,522.0,579.0,750.0,4105.0,1384.0,6789.0,2239.0,3252.0,3270.0,2217.0
2021-11-28+2week,622.0,600.0,768.0,4093.0,1417.0,8952.0,2262.0,3270.0,3784.0,2209.0
2021-11-28+4week,713.0,582.0,711.0,4078.0,1529.0,7785.0,2819.0,3064.0,3159.0,2209.0
2021-11-29+1week,522.0,579.0,750.0,4105.0,1384.0,6789.0,2239.0,3252.0,3270.0,2217.0
2021-11-29+2week,622.0,600.0,768.0,4093.0,1417.0,8952.0,2262.0,3270.0,3784.0,2209.0
2021-11-29+4week,713.0,582.0,711.0,4078.0,1529.0,7785.0,2819.0,3064.0,3159.0,2209.0
2021-11-30+1week,522.0,579.0,750.0,4105.0,1384.0,6789.0,2239.0,3252.0,3270.0,2217.0
2021-11-30+2week,622.0,600.0,768.0,4093.0,1417.0,8952.0,2262.0,3270.0,3784.0,2209.0
2021-11-30+4week,713.0,582.0,711.0,4078.0,1529.0,7785.0,2819.0,3064.0,3159.0,2209.0
2021-12-01+1week,522.0,579.0,750.0,4105.0,1384.0,6789.0,2239.0,3252.0,3270.0,2217.0
2021-12-01+2week,622.0,600.0,768.0,4093.0,1417.0,8952.0,2262.0,3270.0,3784.0,2209.0
2021-12-01+4week,713.0,582.0,711.0,4078.0,1529.0,7785.0,2819.0,3064.0,3159.0,2209.0
2021-12-02+1week,522.0,579.0,750.0,4105.0,1384.0,6789.0,2239.0,3252.0,3270.0,2217.0
2021-12-02+2week,622.0,600.0,768.0,4093.0,1417.0,8952.0,2262.0,3270.0,3784.0,2209.0
2021-12-02+4week,713.0,582.0,711.0,4078.0,1529.0,7785.0,2819.0,3064.0,3159.0,2209.0
2021-12-03+1week,522.0,579.0,750.0,4105.0,1384.0,6789.0,2239.0,3252.0,3270.0,2217.0
2021-12-03+2week,622.0,600.0,768.0,4093.0,1417.0,8952.0,2262.0,3270.0,3784.0,2209.0
2021-12-03+4week,713.0,582.0,711.0,4078.0,1529.0,7785.0,2819.0,3064.0,3159.0,2209.0
